event_id,intention_id,event_date,event_type,hours_spent,note
1,172,2023-08-05,RESEARCHED,0.6,
2,21,2024-05-20,CREATED,0.0,
3,309,2025-04-18,POSTPONED,0.0,Lack of time
4,33,2025-06-12,CREATED,0.0,
5,287,2024-10-29,CREATED,0.0,
6,61,2024-12-04,RESEARCHED,0.2,
7,157,2025-06-13,COMPLETED,0.0,
8,266,2023-12-31,RESEARCHED,0.3,
9,185,2024-09-11,RESEARCHED,1.6,
10,241,2023-05-27,ABANDONED,0.0,Unclear next step
11,60,2024-04-02,CONTINUED,1.9,
12,170,2024-02-06,CONTINUED,2.4,
13,282,2023-08-29,COMPLETED,0.0,
14,207,2025-05-22,RESEARCHED,0.0,
15,77,2025-07-15,POSTPONED,0.0,Unclear next step
16,168,2024-01-14,RESEARCHED,1.0,
17,291,2024-07-15,COMPLETED,0.0,
18,32,2024-05-01,CREATED,0.0,
19,26,2024-10-31,CONTINUED,1.5,
20,20,2025-04-10,CONTINUED,2.9,
21,11,2025-05-25,CREATED,0.0,
22,88,2024-08-17,RESEARCHED,1.5,
23,112,2024-09-18,STARTED,0.0,
24,31,2024-05-19,RESEARCHED,0.5,
25,306,2024-04-15,CONTINUED,0.7,
26,68,2025-05-27,RESEARCHED,0.4,
27,212,2023-10-14,CONTINUED,2.5,
28,258,2024-01-14,CREATED,0.0,
29,223,2024-02-11,RESEARCHED,7.8,
30,137,2023-05-19,POSTPONED,0.0,Competing priorities
31,299,2023-03-02,STARTED,0.0,
32,268,2025-07-16,COMPLETED,0.0,
33,209,2025-01-12,RESEARCHED,0.9,
34,74,2025-04-26,RESEARCHED,1.2,
35,49,2024-02-12,CONTINUED,0.0,
36,17,2023-05-07,RESEARCHED,1.3,
37,254,2023-03-29,POSTPONED,0.0,Overestimated effort required
38,49,2023-11-29,PLANNED,0.0,
39,122,2024-02-13,RESEARCHED,1.8,
40,60,2024-02-10,CONTINUED,0.6,
41,196,2025-04-10,RESEARCHED,1.1,
42,158,2024-08-02,RESEARCHED,1.9,
43,30,2023-10-28,PLANNED,0.0,
44,273,2025-05-31,RESEARCHED,0.4,
45,101,2024-10-05,RESEARCHED,1.3,
46,189,2024-04-21,RESEARCHED,0.7,
47,7,2023-05-26,RESEARCHED,1.5,
48,57,2025-04-02,RESEARCHED,1.0,
49,1,2025-02-19,RESEARCHED,4.6,
50,277,2023-08-28,COMPLETED,0.0,
51,199,2024-06-05,RESEARCHED,0.2,
52,159,2023-05-12,STARTED,0.0,
53,101,2025-05-01,ABANDONED,0.0,Lack of motivation
54,18,2024-03-05,RESEARCHED,0.4,
55,222,2023-06-21,CONTINUED,1.3,
56,209,2024-12-20,RESEARCHED,0.9,
57,225,2024-02-22,CREATED,0.0,
58,38,2023-02-02,CREATED,0.0,
59,39,2023-11-27,RESEARCHED,1.6,
60,316,2024-06-11,ABANDONED,0.0,Low energy / burnout
61,91,2024-04-13,CONTINUED,1.8,
62,306,2023-12-14,STARTED,0.0,
63,222,2023-07-02,REPLACED,0.0,Replaced by a different priority
64,69,2023-06-22,CONTINUED,8.3,
65,180,2025-03-02,CREATED,0.0,
66,162,2025-06-29,CREATED,0.0,
67,60,2024-01-18,CONTINUED,0.4,
68,260,2023-02-28,RESEARCHED,0.2,
69,20,2025-02-08,CONTINUED,2.9,
70,41,2025-07-05,POSTPONED,0.0,Blocked by dependency
71,214,2025-06-17,CONTINUED,0.3,
72,244,2025-07-19,RESEARCHED,0.7,
73,232,2025-04-15,PLANNED,0.0,
74,26,2024-07-20,STARTED,0.0,
75,77,2025-07-27,STARTED,0.0,
76,309,2025-06-24,CONTINUED,6.1,
77,281,2023-12-07,RESEARCHED,3.0,
78,200,2025-01-20,CONTINUED,0.3,
79,28,2024-11-08,RESEARCHED,4.2,
80,11,2025-07-06,STARTED,0.0,
81,197,2024-02-02,CONTINUED,2.9,
82,173,2023-07-28,CREATED,0.0,
83,196,2025-03-26,CREATED,0.0,
84,296,2023-06-07,RESEARCHED,1.3,
85,50,2023-11-17,RESEARCHED,3.1,
86,252,2025-06-07,RESEARCHED,0.7,
87,173,2023-08-01,RESEARCHED,0.3,
88,254,2023-04-22,STARTED,0.0,
89,82,2023-09-18,CREATED,0.0,
90,200,2024-11-21,POSTPONED,0.0,Unclear next step
91,319,2025-05-05,CREATED,0.0,
92,279,2023-06-06,CREATED,0.0,
93,285,2024-12-06,RESEARCHED,0.3,
94,168,2023-12-04,CREATED,0.0,
95,185,2024-08-08,CREATED,0.0,
96,142,2025-01-26,CREATED,0.0,
97,197,2023-10-10,RESEARCHED,2.7,
98,30,2023-11-23,STARTED,0.0,
99,9,2024-07-19,CREATED,0.0,
100,60,2023-11-26,PLANNED,0.0,
101,108,2025-05-04,CONTINUED,0.8,
102,197,2023-09-22,RESEARCHED,1.7,
103,99,2025-05-14,RESEARCHED,2.0,
104,233,2023-05-14,CREATED,0.0,
105,11,2025-07-03,PLANNED,0.0,
106,71,2024-09-27,CREATED,0.0,
107,215,2023-06-06,RESEARCHED,0.0,
108,11,2025-06-16,RESEARCHED,1.1,
109,180,2025-04-06,RESEARCHED,1.8,
110,39,2024-04-24,POSTPONED,0.0,Competing priorities
111,184,2024-01-22,CREATED,0.0,
112,105,2023-07-31,CREATED,0.0,
113,218,2025-05-02,RESEARCHED,0.6,
114,157,2024-12-25,RESEARCHED,0.0,
115,267,2024-06-10,CONTINUED,6.1,
116,15,2023-11-07,RESEARCHED,2.8,
117,195,2025-01-06,POSTPONED,0.0,Blocked by dependency
118,257,2023-08-09,CREATED,0.0,
119,207,2025-05-29,POSTPONED,0.0,Competing priorities
120,24,2024-11-27,CREATED,0.0,
121,111,2023-06-21,RESEARCHED,2.4,
122,2,2023-04-21,RESEARCHED,0.8,
123,251,2023-08-06,CREATED,0.0,
124,267,2024-02-17,RESEARCHED,1.3,
125,301,2023-04-07,RESEARCHED,0.9,
126,116,2024-05-05,RESEARCHED,0.5,
127,240,2023-03-17,CREATED,0.0,
128,237,2023-09-18,RESEARCHED,0.3,
129,267,2024-09-01,CONTINUED,12.3,
130,186,2025-03-12,PLANNED,0.0,
131,90,2024-03-28,CREATED,0.0,
132,108,2025-02-25,RESEARCHED,2.0,
133,308,2025-05-10,CONTINUED,0.8,
134,171,2025-01-02,CONTINUED,0.9,
135,170,2024-04-13,CONTINUED,3.1,
136,86,2024-11-13,CREATED,0.0,
137,271,2025-01-09,RESEARCHED,0.4,
138,308,2025-02-03,STARTED,0.0,
139,55,2024-02-23,POSTPONED,0.0,Unclear next step
140,293,2023-04-25,RESEARCHED,0.0,
141,308,2025-06-02,POSTPONED,0.0,Overestimated effort required
142,14,2024-07-27,PLANNED,0.0,
143,196,2025-05-16,REPLACED,0.0,Replaced by a different priority
144,307,2023-10-07,POSTPONED,0.0,Lack of motivation
145,182,2024-09-24,STARTED,0.0,
146,36,2023-08-19,CREATED,0.0,
147,157,2025-05-04,CONTINUED,0.7,
148,51,2023-04-07,CONTINUED,2.5,
149,79,2025-06-17,CREATED,0.0,
150,127,2024-06-07,CONTINUED,1.0,
151,54,2024-09-03,RESEARCHED,1.8,
152,26,2024-05-27,CREATED,0.0,
153,318,2024-09-22,CREATED,0.0,
154,184,2024-02-14,RESEARCHED,0.0,
155,134,2025-04-05,CONTINUED,1.8,
156,111,2023-07-12,PLANNED,0.0,
157,65,2025-05-21,RESEARCHED,1.0,
158,114,2023-12-12,RESEARCHED,0.3,
159,101,2024-10-03,CREATED,0.0,
160,264,2023-02-16,CREATED,0.0,
161,60,2024-03-15,POSTPONED,0.0,Overestimated effort required
162,49,2024-03-13,CONTINUED,1.1,
163,207,2025-05-02,CREATED,0.0,
164,316,2024-01-19,CREATED,0.0,
165,38,2023-02-08,RESEARCHED,0.0,
166,188,2024-01-27,REPLACED,0.0,Replaced by a different priority
167,163,2023-01-27,CREATED,0.0,
168,203,2025-06-29,POSTPONED,0.0,Competing priorities
169,39,2024-08-06,COMPLETED,0.0,
170,197,2023-11-12,STARTED,0.0,
171,268,2025-05-03,CREATED,0.0,
172,267,2024-02-24,PLANNED,0.0,
173,306,2023-11-10,RESEARCHED,1.1,
174,218,2025-04-22,CREATED,0.0,
175,263,2024-01-27,CONTINUED,3.5,
176,93,2023-02-17,CREATED,0.0,
177,112,2024-07-31,CREATED,0.0,
178,45,2023-12-23,POSTPONED,0.0,Lack of time
179,76,2023-12-07,CONTINUED,4.0,
180,274,2025-07-04,CONTINUED,60.0,
181,214,2025-05-02,STARTED,0.0,
182,212,2023-08-29,RESEARCHED,1.8,
183,219,2024-05-16,PLANNED,0.0,
184,237,2023-08-25,RESEARCHED,0.5,
185,248,2024-07-23,CREATED,0.0,
186,121,2023-05-28,PLANNED,0.0,
187,52,2023-04-03,RESEARCHED,0.0,
188,111,2023-10-17,COMPLETED,0.0,
189,291,2024-06-29,POSTPONED,0.0,No accountability
190,194,2024-03-20,CREATED,0.0,
191,267,2024-02-18,RESEARCHED,1.5,
192,312,2023-12-30,CONTINUED,4.9,
193,1,2025-02-23,PLANNED,0.0,
194,99,2025-04-30,CREATED,0.0,
195,291,2024-05-27,CONTINUED,0.4,
196,241,2023-03-18,RESEARCHED,0.6,
197,31,2024-05-12,CREATED,0.0,
198,312,2024-04-08,POSTPONED,0.0,Low energy / burnout
199,76,2023-11-14,PLANNED,0.0,
200,53,2024-11-22,CREATED,0.0,
201,215,2023-06-17,RESEARCHED,1.0,
202,154,2024-12-04,RESEARCHED,1.5,
203,97,2025-06-08,PLANNED,0.0,
204,120,2025-05-11,POSTPONED,0.0,Lack of motivation
205,183,2024-07-05,CREATED,0.0,
206,108,2025-02-04,CREATED,0.0,
207,56,2024-03-04,RESEARCHED,2.4,
208,168,2024-01-17,POSTPONED,0.0,Competing priorities
209,146,2024-03-27,CREATED,0.0,
210,173,2023-11-17,CONTINUED,4.1,
211,166,2024-04-01,RESEARCHED,0.0,
212,8,2025-06-09,PLANNED,0.0,
213,176,2024-05-09,RESEARCHED,0.6,
214,31,2024-05-30,PLANNED,0.0,
215,50,2023-12-12,RESEARCHED,0.0,
216,276,2025-07-04,CONTINUED,60.0,
217,319,2025-05-15,RESEARCHED,0.0,
218,34,2025-01-17,CREATED,0.0,
219,274,2025-06-08,RESEARCHED,0.5,
220,168,2024-04-08,ABANDONED,0.0,Lost interest
221,145,2023-04-16,CREATED,0.0,
222,95,2024-03-31,POSTPONED,0.0,Lack of motivation
223,227,2025-01-10,PLANNED,0.0,
224,274,2025-06-25,STARTED,0.0,
225,49,2023-10-20,CREATED,0.0,
226,169,2025-05-05,RESEARCHED,0.9,
227,150,2023-06-09,REPLACED,0.0,Replaced by a different priority
228,45,2023-12-27,PLANNED,0.0,
229,170,2024-05-12,CONTINUED,0.5,
230,90,2024-04-16,RESEARCHED,2.2,
231,96,2024-01-28,POSTPONED,0.0,No accountability
232,65,2025-04-29,CREATED,0.0,
233,84,2023-06-30,COMPLETED,0.0,
234,275,2024-02-20,RESEARCHED,1.8,
235,305,2024-02-25,CREATED,0.0,
236,291,2024-03-07,RESEARCHED,0.5,
237,298,2023-04-06,CREATED,0.0,
238,55,2023-09-25,CREATED,0.0,
239,13,2023-08-03,CREATED,0.0,
240,159,2023-03-03,CREATED,0.0,
241,95,2024-07-14,ABANDONED,0.0,Blocked by dependency
242,169,2025-06-05,RESEARCHED,0.5,
243,7,2023-06-16,RESEARCHED,0.0,
244,90,2024-05-11,RESEARCHED,3.9,
245,117,2024-11-14,RESEARCHED,1.9,
246,170,2023-11-23,RESEARCHED,0.2,
247,267,2024-10-06,CONTINUED,9.0,
248,20,2024-10-25,PLANNED,0.0,
249,57,2025-07-08,ABANDONED,0.0,Unclear next step
250,139,2024-01-09,RESEARCHED,1.7,
251,198,2023-05-06,POSTPONED,0.0,Low energy / burnout
252,37,2023-01-08,CREATED,0.0,
253,130,2024-03-06,CONTINUED,0.8,
254,51,2023-02-26,RESEARCHED,0.0,
255,200,2025-02-04,ABANDONED,0.0,Lack of money
256,91,2024-06-09,COMPLETED,0.0,
257,9,2024-11-11,CONTINUED,4.9,
258,90,2024-04-04,RESEARCHED,0.5,
259,246,2023-06-08,RESEARCHED,0.0,
260,20,2024-09-02,RESEARCHED,3.1,
261,136,2025-01-02,RESEARCHED,2.3,
262,301,2023-03-21,CREATED,0.0,
263,298,2023-05-08,PLANNED,0.0,
264,294,2025-01-11,CREATED,0.0,
265,224,2025-07-27,POSTPONED,0.0,Blocked by dependency
266,40,2025-02-11,RESEARCHED,0.4,
267,276,2025-03-29,RESEARCHED,1.2,
268,179,2024-10-06,PLANNED,0.0,
269,161,2024-07-06,CREATED,0.0,
270,83,2024-12-04,CREATED,0.0,
271,127,2024-09-15,POSTPONED,0.0,Competing priorities
272,152,2023-11-01,CREATED,0.0,
273,147,2023-04-27,CREATED,0.0,
274,120,2025-02-24,CREATED,0.0,
275,230,2023-10-01,RESEARCHED,1.5,
276,299,2023-01-26,RESEARCHED,1.1,
277,39,2023-12-19,POSTPONED,0.0,Lack of time
278,73,2025-04-01,CREATED,0.0,
279,213,2023-10-19,RESEARCHED,0.4,
280,131,2023-11-11,RESEARCHED,2.2,
281,214,2025-07-11,COMPLETED,0.0,
282,91,2024-03-20,CONTINUED,3.5,
283,317,2023-05-21,CREATED,0.0,
284,129,2025-04-05,RESEARCHED,0.3,
285,197,2023-09-08,CREATED,0.0,
286,55,2023-11-14,POSTPONED,0.0,Overestimated effort required
287,193,2025-01-12,ABANDONED,0.0,Perfectionism / fear of failure
288,289,2024-11-10,RESEARCHED,4.7,
289,111,2023-07-21,STARTED,0.0,
290,247,2025-05-29,CONTINUED,2.9,
291,49,2023-12-19,STARTED,0.0,
292,174,2023-05-05,CREATED,0.0,
293,267,2024-03-01,STARTED,0.0,
294,20,2025-01-09,POSTPONED,0.0,Lack of money
295,266,2023-12-02,CREATED,0.0,
296,201,2024-12-02,RESEARCHED,3.1,
297,186,2025-02-21,POSTPONED,0.0,Unclear next step
298,106,2025-06-26,RESEARCHED,4.1,
299,237,2023-08-15,CREATED,0.0,
300,182,2024-11-04,COMPLETED,0.0,
301,130,2024-01-18,STARTED,0.0,
302,292,2025-03-23,RESEARCHED,2.4,
303,198,2023-03-22,CREATED,0.0,
304,96,2024-03-16,COMPLETED,0.0,
305,38,2023-02-02,CREATED,0.0,
306,234,2023-06-29,CONTINUED,1.1,
307,302,2025-08-01,ABANDONED,0.0,Overestimated effort required
308,219,2024-05-03,RESEARCHED,1.9,
309,222,2023-06-01,STARTED,0.0,
310,69,2023-05-05,CONTINUED,1.1,
311,306,2023-11-21,PLANNED,0.0,
312,221,2023-08-15,CONTINUED,4.9,
313,55,2023-10-05,RESEARCHED,0.3,
314,158,2024-07-12,RESEARCHED,0.4,
315,228,2023-10-10,CREATED,0.0,
316,57,2025-02-08,CREATED,0.0,
317,54,2024-10-13,RESEARCHED,0.3,
318,277,2023-08-24,STARTED,0.0,
319,127,2024-03-19,CREATED,0.0,
320,277,2023-07-25,RESEARCHED,0.3,
321,227,2025-05-19,ABANDONED,0.0,Unclear next step
322,185,2024-09-28,STARTED,0.0,
323,9,2024-10-23,CONTINUED,3.8,
324,185,2024-11-13,COMPLETED,0.0,
325,246,2023-06-29,POSTPONED,0.0,Unclear next step
326,179,2025-01-03,ABANDONED,0.0,Unclear next step
327,263,2023-10-18,CREATED,0.0,
328,61,2024-11-14,CREATED,0.0,
329,130,2024-01-31,CONTINUED,3.9,
330,43,2023-04-13,PLANNED,0.0,
331,284,2024-05-08,ABANDONED,0.0,Lack of motivation
332,41,2025-05-17,RESEARCHED,0.6,
333,54,2024-11-07,PLANNED,0.0,
334,5,2024-09-30,RESEARCHED,0.9,
335,227,2024-12-19,RESEARCHED,1.1,
336,139,2024-02-06,RESEARCHED,1.2,
337,141,2024-01-03,PLANNED,0.0,
338,214,2025-02-03,CREATED,0.0,
339,254,2023-03-04,RESEARCHED,0.6,
340,196,2025-05-03,POSTPONED,0.0,Lost interest
341,58,2024-08-25,RESEARCHED,1.7,
342,26,2024-06-11,RESEARCHED,2.5,
343,293,2023-04-07,CREATED,0.0,
344,271,2025-01-10,RESEARCHED,1.1,
345,76,2023-09-28,RESEARCHED,0.8,
346,25,2024-01-31,CONTINUED,2.8,
347,308,2025-04-14,POSTPONED,0.0,Unclear next step
348,129,2025-05-03,POSTPONED,0.0,Lack of motivation
349,76,2024-02-01,POSTPONED,0.0,Blocked by dependency
350,186,2025-02-01,CREATED,0.0,
351,250,2024-11-09,POSTPONED,0.0,Lack of money
352,176,2024-04-17,CREATED,0.0,
353,86,2024-11-21,RESEARCHED,1.4,
354,252,2025-07-08,RESEARCHED,7.4,
355,11,2025-05-31,RESEARCHED,5.4,
356,133,2024-03-07,STARTED,0.0,
357,178,2023-09-07,CREATED,0.0,
358,119,2024-04-29,CREATED,0.0,
359,281,2023-12-16,RESEARCHED,0.0,
360,41,2025-05-05,RESEARCHED,1.1,
361,130,2023-12-15,RESEARCHED,1.1,
362,243,2025-05-23,CREATED,0.0,
363,271,2024-12-27,CREATED,0.0,
364,161,2024-07-14,PLANNED,0.0,
365,169,2025-07-09,ABANDONED,0.0,Lack of time
366,77,2025-06-04,CREATED,0.0,
367,213,2023-12-13,REPLACED,60.0,Replaced by a different priority
368,59,2024-09-15,ABANDONED,0.0,No accountability
369,45,2023-11-05,RESEARCHED,0.0,
370,198,2023-04-08,RESEARCHED,0.4,
371,80,2023-03-31,RESEARCHED,1.7,
372,225,2024-07-25,REPLACED,0.0,Replaced by a different priority
373,111,2023-06-27,RESEARCHED,2.5,
374,101,2025-03-10,CONTINUED,1.9,
375,174,2023-09-19,CONTINUED,1.3,
376,282,2023-06-27,CONTINUED,1.7,
377,208,2025-04-01,CREATED,0.0,
378,25,2024-01-21,CONTINUED,13.8,
379,171,2024-12-23,STARTED,0.0,
380,204,2023-08-31,CREATED,0.0,
381,91,2023-11-23,RESEARCHED,0.4,
382,47,2023-06-20,CREATED,0.0,
383,186,2025-03-16,STARTED,0.0,
384,197,2024-01-01,CONTINUED,0.7,
385,100,2024-06-16,POSTPONED,0.0,Overestimated effort required
386,39,2024-04-03,CONTINUED,3.1,
387,223,2024-03-09,STARTED,0.0,
388,62,2024-01-21,ABANDONED,0.0,Lack of time
389,212,2023-11-29,CONTINUED,0.6,
390,245,2025-02-08,PLANNED,0.0,
391,189,2024-04-12,CREATED,0.0,
392,97,2025-05-31,RESEARCHED,0.6,
393,107,2024-01-07,PLANNED,0.0,
394,219,2024-06-06,CONTINUED,1.6,
395,45,2023-11-24,RESEARCHED,0.6,
396,221,2023-09-06,COMPLETED,0.0,
397,182,2024-08-28,RESEARCHED,0.3,
398,238,2024-04-21,RESEARCHED,0.8,
399,233,2023-08-22,ABANDONED,0.0,No accountability
400,213,2023-10-27,RESEARCHED,0.7,
401,190,2024-04-29,RESEARCHED,0.8,
402,94,2025-06-26,CREATED,0.0,
403,185,2024-09-14,RESEARCHED,0.6,
404,85,2024-12-02,PLANNED,0.0,
405,306,2024-04-16,COMPLETED,0.0,
406,307,2023-09-04,RESEARCHED,1.3,
407,125,2023-12-23,RESEARCHED,5.6,
408,26,2024-09-08,CONTINUED,0.5,
409,40,2025-03-25,ABANDONED,0.0,Lost interest
410,137,2023-04-29,RESEARCHED,2.5,
411,33,2025-06-24,RESEARCHED,2.3,
412,287,2024-11-14,RESEARCHED,0.5,
413,298,2023-07-07,ABANDONED,0.0,Unclear next step
414,59,2024-06-25,PLANNED,0.0,
415,312,2024-02-19,CONTINUED,1.0,
416,101,2024-11-04,POSTPONED,0.0,Competing priorities
417,150,2023-05-21,RESEARCHED,0.3,
418,288,2023-05-16,STARTED,0.0,
419,267,2024-04-03,CONTINUED,0.0,
420,67,2023-04-25,CREATED,0.0,
421,8,2025-05-24,POSTPONED,0.0,Overestimated effort required
422,248,2024-07-30,RESEARCHED,0.2,
423,133,2024-02-14,POSTPONED,0.0,Competing priorities
424,107,2024-02-05,ABANDONED,0.0,Lost interest
425,103,2023-11-01,ABANDONED,0.0,Unclear next step
426,229,2024-10-19,CREATED,0.0,
427,312,2023-10-28,RESEARCHED,0.8,
428,115,2025-02-09,CREATED,60.0,
429,218,2025-05-31,PLANNED,0.0,
430,197,2023-09-28,RESEARCHED,2.6,
431,131,2023-09-07,CREATED,0.0,
432,29,2025-07-09,RESEARCHED,0.7,
433,197,2023-11-29,CONTINUED,2.8,
434,128,2023-06-30,CREATED,0.0,
435,228,2023-10-27,RESEARCHED,1.1,
436,313,2023-06-18,RESEARCHED,0.0,
437,117,2024-10-27,CREATED,0.0,
438,160,2024-06-01,RESEARCHED,0.0,
439,34,2025-03-03,RESEARCHED,1.0,
440,25,2023-12-27,STARTED,0.0,
441,227,2025-03-18,CONTINUED,2.2,
442,187,2024-05-22,CREATED,0.0,
443,125,2023-12-22,CREATED,0.0,
444,144,2024-01-28,ABANDONED,0.0,Perfectionism / fear of failure
445,165,2025-03-02,CONTINUED,6.7,
446,295,2024-08-19,CREATED,0.0,
447,158,2024-10-09,ABANDONED,0.0,Lack of money
448,190,2024-05-10,ABANDONED,0.0,Lack of time
449,157,2025-02-08,POSTPONED,0.0,Perfectionism / fear of failure
450,157,2025-06-07,POSTPONED,0.0,Lack of time
451,157,2024-12-04,CREATED,0.0,
452,306,2023-11-15,RESEARCHED,1.1,
453,312,2023-10-19,CREATED,0.0,
454,134,2025-02-19,RESEARCHED,1.8,
455,276,2025-05-30,CONTINUED,5.9,
456,96,2023-10-28,CONTINUED,1.5,
457,298,2023-04-29,RESEARCHED,1.5,
458,181,2023-10-01,CREATED,0.0,
459,130,2024-05-09,CONTINUED,4.6,
460,250,2024-10-16,RESEARCHED,3.2,
461,212,2023-09-15,STARTED,0.0,
462,244,2025-06-28,CREATED,0.0,
463,100,2024-06-02,RESEARCHED,0.8,
464,232,2025-04-11,RESEARCHED,2.0,
465,269,2025-07-13,PLANNED,0.0,
466,144,2023-10-26,RESEARCHED,1.9,
467,77,2025-07-17,PLANNED,0.0,
468,141,2023-12-14,RESEARCHED,1.5,
469,221,2023-07-18,STARTED,0.0,
470,267,2024-04-10,CONTINUED,6.1,
471,311,2025-06-14,CREATED,0.0,
472,104,2024-02-29,CREATED,0.0,
473,51,2023-03-25,STARTED,0.0,
474,20,2025-04-04,CONTINUED,3.1,
475,81,2024-09-12,CREATED,0.0,
476,96,2023-09-03,POSTPONED,0.0,Lost interest
477,314,2025-06-24,CREATED,0.0,
478,316,2024-02-06,RESEARCHED,0.8,
479,69,2023-02-12,CREATED,0.0,
480,230,2023-10-04,RESEARCHED,2.0,
481,223,2024-04-28,CONTINUED,0.5,
482,76,2023-11-23,STARTED,0.0,
483,84,2023-05-14,STARTED,0.0,
484,271,2025-01-26,RESEARCHED,1.8,
485,48,2023-03-03,RESEARCHED,0.3,
486,74,2025-04-08,RESEARCHED,6.4,
487,223,2024-06-19,COMPLETED,0.0,
488,313,2023-07-06,RESEARCHED,2.0,
489,185,2024-09-19,PLANNED,0.0,
490,187,2024-05-26,RESEARCHED,1.2,
491,41,2025-06-05,STARTED,0.0,
492,123,2024-12-08,CREATED,0.0,
493,266,2023-12-25,RESEARCHED,2.1,
494,215,2023-06-23,RESEARCHED,1.3,
495,156,2023-08-26,CREATED,0.0,
496,226,2023-10-30,REPLACED,0.0,Replaced by a different priority
497,123,2024-12-16,RESEARCHED,0.5,
498,58,2024-08-31,RESEARCHED,1.4,
499,249,2023-12-29,CREATED,0.0,
500,43,2023-06-05,ABANDONED,0.0,Low energy / burnout
501,157,2025-02-27,PLANNED,0.0,
502,125,2024-01-05,RESEARCHED,0.8,
503,206,2024-08-02,CREATED,0.0,
504,247,2025-05-31,CONTINUED,1.3,
505,80,2023-02-09,CREATED,0.0,
506,60,2023-12-01,STARTED,0.0,
507,55,2023-11-30,PLANNED,0.0,
508,209,2024-11-25,CREATED,0.0,
509,231,2023-08-02,RESEARCHED,0.5,
510,227,2025-02-11,CONTINUED,3.5,
511,61,2024-12-25,RESEARCHED,0.8,
512,226,2023-08-13,RESEARCHED,0.5,
513,130,2024-03-20,CONTINUED,1.2,
514,111,2023-05-11,CREATED,0.0,
515,59,2024-06-02,CREATED,0.0,
516,276,2025-03-12,RESEARCHED,4.4,
517,219,2024-07-21,CONTINUED,4.5,
518,43,2023-03-04,CREATED,0.0,
519,11,2025-05-31,RESEARCHED,5.4,
520,245,2025-01-17,CREATED,0.0,
521,48,2023-03-23,RESEARCHED,2.6,
522,91,2023-12-22,STARTED,0.0,
523,133,2024-01-19,RESEARCHED,0.8,
524,297,2024-02-21,RESEARCHED,1.3,
525,196,2025-04-12,RESEARCHED,0.5,
526,130,2024-06-23,CONTINUED,2.1,
527,302,2025-05-11,RESEARCHED,1.3,
528,173,2023-08-18,STARTED,0.0,
529,73,2025-06-01,STARTED,0.0,
530,219,2024-09-12,CONTINUED,1.7,
531,195,2025-02-27,ABANDONED,0.0,Lack of money
532,20,2024-09-20,RESEARCHED,0.0,
533,14,2024-08-13,REPLACED,0.0,Replaced by a different priority
534,150,2023-05-02,CREATED,0.0,
535,77,2025-06-28,RESEARCHED,0.8,
536,140,2023-10-05,CREATED,0.0,
537,65,2025-06-10,STARTED,0.0,
538,57,2025-02-24,RESEARCHED,0.5,
539,9,2024-12-29,CONTINUED,0.7,
540,90,2024-08-29,ABANDONED,0.0,No accountability
541,221,2023-06-14,RESEARCHED,2.3,
542,262,2025-02-12,CREATED,0.0,
543,220,2024-10-25,CREATED,0.0,
544,56,2024-05-23,ABANDONED,0.0,Lack of motivation
545,18,2024-05-02,PLANNED,0.0,
546,8,2025-04-06,CREATED,0.0,
547,84,2023-03-13,CREATED,0.0,
548,172,2023-08-19,POSTPONED,0.0,Lack of motivation
549,7,2023-05-04,RESEARCHED,3.0,
550,247,2025-05-01,CREATED,0.0,
551,303,2023-05-26,RESEARCHED,2.8,
552,76,2023-10-30,RESEARCHED,0.5,
553,101,2024-11-11,PLANNED,0.0,
554,276,2025-05-16,STARTED,0.0,
555,223,2024-01-15,CREATED,0.0,
556,50,2024-01-01,RESEARCHED,3.3,
557,316,2024-05-21,CONTINUED,0.8,
558,136,2024-12-08,CREATED,0.0,
559,305,2024-03-19,RESEARCHED,1.1,
560,158,2024-07-11,CREATED,0.0,
561,25,2024-04-12,CONTINUED,1.1,
562,268,2025-06-24,PLANNED,0.0,
563,27,2023-06-27,RESEARCHED,0.4,
564,223,2024-04-10,CONTINUED,1.3,
565,254,2023-04-08,PLANNED,60.0,
566,254,2023-02-21,RESEARCHED,2.6,
567,123,2025-01-29,RESEARCHED,3.2,
568,219,2024-04-27,CREATED,0.0,
569,106,2025-07-24,PLANNED,0.0,
570,17,2023-04-20,RESEARCHED,2.5,
571,221,2023-05-24,CREATED,0.0,
572,274,2025-06-12,PLANNED,0.0,
573,182,2024-09-07,PLANNED,0.0,
574,130,2024-03-03,POSTPONED,0.0,Lost interest
575,69,2023-03-20,PLANNED,0.0,
576,159,2023-04-05,POSTPONED,0.0,Overestimated effort required
577,20,2024-10-05,POSTPONED,0.0,Blocked by dependency
578,268,2025-05-26,RESEARCHED,2.3,
579,96,2023-09-20,PLANNED,0.0,
580,85,2024-12-19,CONTINUED,7.0,
581,82,2023-10-02,RESEARCHED,0.6,
582,20,2025-03-13,POSTPONED,0.0,Lack of money
583,63,2025-01-22,ABANDONED,0.0,Perfectionism / fear of failure
584,309,2025-04-27,PLANNED,0.0,
585,165,2025-01-02,PLANNED,0.0,
586,171,2025-01-14,COMPLETED,0.0,
587,27,2023-10-09,ABANDONED,0.0,Lack of motivation
588,106,2025-05-27,CREATED,0.0,
589,297,2024-02-11,RESEARCHED,0.4,
590,280,2024-04-20,CREATED,0.0,
591,69,2023-03-02,RESEARCHED,0.7,
592,158,2024-07-26,RESEARCHED,0.9,
593,76,2024-01-16,POSTPONED,0.0,No accountability
594,318,2024-10-26,PLANNED,0.0,
595,190,2024-04-25,CREATED,0.0,
596,85,2025-02-11,CONTINUED,2.2,
597,319,2025-05-09,RESEARCHED,1.0,
598,130,2024-05-22,CONTINUED,3.0,
599,257,2023-09-21,POSTPONED,0.0,Overestimated effort required
600,100,2024-05-17,RESEARCHED,1.3,
601,70,2024-12-31,REPLACED,0.0,Replaced by a different priority
602,252,2025-07-27,POSTPONED,0.0,Unclear next step
603,170,2024-01-19,STARTED,0.0,
604,25,2024-05-10,CONTINUED,0.0,
605,19,2023-05-23,CREATED,0.0,
606,318,2024-11-29,ABANDONED,0.0,Competing priorities
607,85,2025-01-17,CONTINUED,3.0,
608,54,2024-08-15,CREATED,0.0,
609,235,2023-10-09,RESEARCHED,3.3,
610,288,2023-04-24,PLANNED,0.0,
611,85,2025-02-09,CONTINUED,9.0,
612,112,2024-08-01,RESEARCHED,0.4,
613,133,2024-04-16,ABANDONED,0.0,Lost interest
614,282,2023-07-20,CONTINUED,0.0,
615,121,2023-04-21,CREATED,0.0,
616,286,2024-08-12,RESEARCHED,0.3,
617,20,2025-04-20,COMPLETED,0.0,
618,164,2023-02-11,CREATED,0.0,
619,188,2023-12-06,CREATED,0.0,
620,65,2025-05-26,PLANNED,0.0,
621,171,2024-11-04,CREATED,0.0,
622,39,2024-01-31,STARTED,0.0,
623,200,2024-10-30,RESEARCHED,1.1,
624,76,2024-01-19,CONTINUED,1.4,
625,23,2024-09-02,CREATED,0.0,
626,46,2023-04-11,CREATED,0.0,
627,3,2023-08-31,RESEARCHED,1.0,
628,20,2024-09-24,RESEARCHED,0.0,
629,308,2025-01-07,PLANNED,0.0,
630,312,2024-04-24,CONTINUED,4.8,
631,288,2023-04-04,RESEARCHED,0.3,
632,135,2023-04-18,RESEARCHED,2.3,
633,303,2023-06-12,RESEARCHED,0.7,
634,234,2023-07-22,CONTINUED,0.9,
635,282,2023-08-16,CONTINUED,0.4,
636,173,2023-10-15,CONTINUED,3.9,
637,26,2024-08-04,CONTINUED,1.8,
638,288,2023-03-13,RESEARCHED,0.0,
639,223,2024-02-21,RESEARCHED,1.3,
640,127,2024-04-05,RESEARCHED,0.4,
641,274,2025-05-18,RESEARCHED,1.4,
642,60,2024-05-27,REPLACED,0.0,Replaced by a different priority
643,91,2023-11-11,RESEARCHED,5.1,
644,115,2025-02-22,RESEARCHED,0.7,
645,290,2024-06-19,CREATED,0.0,
646,96,2023-12-07,CONTINUED,0.4,
647,227,2025-01-07,RESEARCHED,0.2,
648,282,2023-04-20,STARTED,0.0,
649,189,2024-04-27,RESEARCHED,3.4,
650,304,2025-05-25,RESEARCHED,3.1,
651,233,2023-06-11,RESEARCHED,3.1,
652,154,2024-11-07,CREATED,0.0,
653,85,2024-12-15,STARTED,0.0,
654,307,2023-09-26,RESEARCHED,1.1,
655,74,2025-03-29,RESEARCHED,3.9,
656,79,2025-07-11,RESEARCHED,0.4,
657,126,2024-11-19,RESEARCHED,0.3,
658,241,2023-03-15,RESEARCHED,2.3,
659,199,2024-08-26,ABANDONED,0.0,Low energy / burnout
660,74,2025-04-02,RESEARCHED,2.2,
661,117,2024-12-10,POSTPONED,0.0,Blocked by dependency
662,258,2024-01-31,RESEARCHED,2.7,
663,181,2023-10-25,POSTPONED,0.0,Lack of time
664,76,2023-12-16,CONTINUED,2.5,
665,200,2024-11-30,PLANNED,0.0,
666,9,2024-08-31,CONTINUED,3.7,
667,304,2025-06-04,RESEARCHED,0.8,
668,261,2024-05-24,PLANNED,0.0,
669,197,2023-10-18,POSTPONED,0.0,Perfectionism / fear of failure
670,18,2024-03-20,RESEARCHED,2.7,
671,170,2024-01-06,PLANNED,0.0,
672,63,2024-10-16,RESEARCHED,1.2,
673,38,2023-02-24,PLANNED,0.0,
674,165,2025-03-12,CONTINUED,3.2,
675,306,2023-10-19,CREATED,0.0,
676,39,2024-05-21,CONTINUED,4.1,
677,165,2024-11-03,RESEARCHED,0.6,
678,16,2023-08-23,CREATED,0.0,
679,291,2024-02-28,RESEARCHED,0.7,
680,249,2024-01-20,RESEARCHED,0.3,
681,49,2024-04-05,COMPLETED,0.0,
682,216,2024-01-10,CREATED,60.0,
683,26,2024-09-23,POSTPONED,0.0,Lack of motivation
684,312,2023-11-19,PLANNED,0.0,
685,291,2024-03-24,PLANNED,0.0,
686,58,2024-07-30,CREATED,0.0,
687,55,2023-12-27,STARTED,0.0,
688,260,2023-04-21,ABANDONED,0.0,Competing priorities
689,26,2024-06-26,RESEARCHED,2.0,
690,91,2023-12-01,PLANNED,0.0,
691,301,2023-04-24,RESEARCHED,1.0,
692,170,2023-11-21,RESEARCHED,0.3,
693,167,2023-12-23,CREATED,0.0,
694,18,2024-04-21,POSTPONED,0.0,Low energy / burnout
695,249,2024-01-02,RESEARCHED,0.6,
696,2,2023-05-08,RESEARCHED,1.3,
697,225,2024-03-16,RESEARCHED,1.6,
698,186,2025-03-28,CONTINUED,1.1,
699,111,2023-07-09,POSTPONED,0.0,Perfectionism / fear of failure
700,300,2025-02-23,CREATED,0.0,
701,57,2025-04-14,POSTPONED,0.0,Competing priorities
702,139,2023-12-19,CREATED,0.0,
703,84,2023-04-25,RESEARCHED,0.9,
704,96,2024-03-03,CONTINUED,2.7,
705,96,2023-11-29,POSTPONED,0.0,Lack of motivation
706,141,2024-01-30,ABANDONED,0.0,Unclear next step
707,107,2023-12-30,RESEARCHED,1.3,
708,134,2025-03-23,STARTED,0.0,
709,179,2024-09-05,CREATED,0.0,
710,100,2024-04-28,RESEARCHED,4.1,
711,187,2024-05-29,RESEARCHED,0.8,
712,39,2024-07-27,POSTPONED,0.0,Unclear next step
713,111,2023-06-08,RESEARCHED,0.9,
714,185,2024-08-29,RESEARCHED,0.9,
715,28,2024-10-19,RESEARCHED,0.3,
716,289,2024-11-30,RESEARCHED,1.0,
717,148,2024-08-18,RESEARCHED,0.6,
718,15,2023-10-04,CREATED,0.0,
719,134,2025-05-05,CONTINUED,3.1,
720,299,2023-02-09,PLANNED,0.0,
721,91,2024-02-16,CONTINUED,2.1,
722,214,2025-06-09,CONTINUED,1.5,
723,311,2025-07-05,RESEARCHED,0.8,
724,249,2024-01-03,RESEARCHED,1.3,
725,9,2024-11-06,CONTINUED,1.0,
726,168,2023-12-25,RESEARCHED,0.6,
727,255,2023-01-07,CREATED,0.0,
728,34,2025-01-29,RESEARCHED,3.3,
729,148,2024-08-13,CREATED,0.0,
730,26,2024-10-15,CONTINUED,1.5,
731,282,2023-04-02,RESEARCHED,0.5,
732,163,2023-03-18,RESEARCHED,1.6,
733,15,2023-10-25,RESEARCHED,0.0,
734,181,2023-11-06,PLANNED,0.0,
735,69,2023-08-03,CONTINUED,4.4,
736,55,2023-10-28,RESEARCHED,0.8,
737,176,2024-04-25,RESEARCHED,1.2,
738,238,2024-04-14,CREATED,0.0,
739,219,2024-05-29,STARTED,0.0,
740,206,2024-08-16,PLANNED,0.0,
741,205,2025-01-12,RESEARCHED,0.6,
742,295,2024-10-16,RESEARCHED,1.1,
743,55,2024-04-07,COMPLETED,0.0,
744,297,2024-04-10,ABANDONED,0.0,Blocked by dependency
745,203,2025-06-03,RESEARCHED,0.5,
746,184,2024-02-26,RESEARCHED,0.3,
747,306,2024-01-05,CONTINUED,3.5,
748,252,2025-06-28,RESEARCHED,3.2,
749,197,2024-03-02,COMPLETED,0.0,
750,64,2023-09-15,CREATED,0.0,
751,26,2024-12-05,CONTINUED,60.0,
752,244,2025-07-23,RESEARCHED,0.6,
753,157,2024-12-18,RESEARCHED,60.0,
754,60,2024-01-04,CONTINUED,1.3,
755,63,2024-11-09,POSTPONED,0.0,Lack of money
756,108,2025-05-14,POSTPONED,0.0,Lack of motivation
757,143,2023-10-31,CREATED,0.0,
758,241,2023-04-06,POSTPONED,0.0,Lost interest
759,316,2024-04-29,CONTINUED,1.1,
760,140,2023-10-08,RESEARCHED,0.7,
761,271,2025-01-18,RESEARCHED,1.7,
762,259,2023-04-06,RESEARCHED,0.9,
763,221,2023-07-11,PLANNED,0.0,
764,62,2023-10-06,RESEARCHED,0.9,
765,271,2025-03-24,ABANDONED,0.0,Overestimated effort required
766,91,2024-05-22,POSTPONED,0.0,Blocked by dependency
767,121,2023-05-11,RESEARCHED,0.7,
768,200,2024-10-24,RESEARCHED,1.9,
769,169,2025-05-11,RESEARCHED,2.6,
770,61,2025-01-19,COMPLETED,0.0,
771,254,2023-06-11,COMPLETED,0.0,
772,125,2023-12-27,RESEARCHED,2.0,
773,51,2023-04-30,CONTINUED,3.0,
774,30,2024-01-09,COMPLETED,0.0,
775,297,2024-03-10,RESEARCHED,1.1,
776,161,2024-09-02,ABANDONED,0.0,Competing priorities
777,292,2025-05-23,ABANDONED,0.0,Lost interest
778,302,2025-06-03,RESEARCHED,1.6,
779,130,2023-11-27,CREATED,0.0,
780,170,2024-05-22,ABANDONED,0.0,Lost interest
781,313,2023-07-19,RESEARCHED,0.4,
782,100,2024-06-11,RESEARCHED,2.2,
783,60,2024-04-04,CONTINUED,1.0,
784,14,2024-07-15,RESEARCHED,1.1,
785,133,2024-02-24,PLANNED,0.0,
786,25,2024-03-08,POSTPONED,0.0,Blocked by dependency
787,268,2025-06-07,RESEARCHED,1.8,
788,312,2024-05-11,COMPLETED,0.0,
789,188,2023-12-17,RESEARCHED,2.5,
790,234,2023-05-17,RESEARCHED,1.5,
791,39,2024-06-17,CONTINUED,3.9,
792,308,2025-06-15,COMPLETED,0.0,
793,138,2024-11-10,CREATED,0.0,
794,61,2025-01-10,PLANNED,0.0,
795,65,2025-05-09,RESEARCHED,0.2,
796,80,2023-02-23,RESEARCHED,1.2,
797,273,2025-05-22,RESEARCHED,0.6,
798,282,2023-04-15,PLANNED,0.0,
799,174,2023-05-28,RESEARCHED,0.5,
800,174,2023-10-07,POSTPONED,0.0,Low energy / burnout
801,234,2023-06-25,STARTED,0.0,
802,126,2024-11-06,RESEARCHED,1.6,
803,63,2024-09-23,RESEARCHED,0.9,
804,182,2024-08-27,RESEARCHED,3.8,
805,296,2023-06-19,PLANNED,0.0,
806,285,2024-11-14,RESEARCHED,3.8,
807,227,2025-02-07,STARTED,0.0,
808,97,2025-07-16,CONTINUED,1.3,
809,165,2024-12-07,RESEARCHED,1.8,
810,103,2023-08-25,CREATED,0.0,
811,44,2023-07-16,CREATED,0.0,
812,124,2025-05-20,CREATED,0.0,
813,277,2023-08-02,PLANNED,0.0,
814,218,2025-05-27,POSTPONED,0.0,Lack of money
815,27,2023-06-06,CREATED,0.0,
816,61,2025-01-14,STARTED,0.0,
817,101,2025-02-12,POSTPONED,0.0,No accountability
818,301,2023-05-08,PLANNED,0.0,
819,219,2024-06-22,CONTINUED,0.7,
820,206,2024-08-08,RESEARCHED,0.8,
821,160,2024-04-24,CREATED,0.0,
822,127,2024-07-12,CONTINUED,2.3,
823,243,2025-06-09,RESEARCHED,3.8,
824,58,2024-08-23,RESEARCHED,0.5,
825,25,2024-02-07,CONTINUED,4.2,
826,49,2024-01-14,CONTINUED,1.0,
827,130,2024-04-18,CONTINUED,0.0,
828,28,2024-09-25,RESEARCHED,4.0,
829,222,2023-05-17,RESEARCHED,0.3,
830,108,2025-03-02,RESEARCHED,0.6,
831,313,2023-09-14,ABANDONED,0.0,Unclear next step
832,182,2024-10-11,CONTINUED,1.1,
833,73,2025-04-27,RESEARCHED,1.0,
834,214,2025-04-12,PLANNED,0.0,
835,164,2023-03-02,RESEARCHED,0.2,
836,165,2024-10-29,CREATED,0.0,
837,258,2024-02-16,RESEARCHED,0.6,
838,284,2024-04-21,RESEARCHED,0.3,
839,312,2023-12-19,STARTED,0.0,
840,174,2023-06-19,RESEARCHED,1.4,
841,158,2024-08-25,RESEARCHED,1.8,
842,70,2024-12-31,REPLACED,0.0,Replaced by a different priority
843,287,2024-12-09,PLANNED,0.0,
844,69,2023-03-02,RESEARCHED,0.7,
845,153,2024-09-27,CREATED,0.0,
846,167,2023-12-25,RESEARCHED,0.2,
847,51,2023-05-18,CONTINUED,60.0,
848,55,2024-04-03,CONTINUED,0.0,
849,84,2023-04-05,RESEARCHED,1.0,
850,304,2025-05-14,RESEARCHED,6.1,
851,312,2024-01-29,CONTINUED,0.9,
852,62,2023-10-21,POSTPONED,0.0,Unclear next step
853,72,2025-06-24,RESEARCHED,0.3,
854,9,2024-12-04,CONTINUED,6.6,
855,6,2023-10-12,CREATED,0.0,
856,111,2023-08-24,CONTINUED,2.0,
857,25,2023-11-14,RESEARCHED,0.7,
858,213,2023-10-07,CREATED,0.0,
859,85,2025-02-28,POSTPONED,0.0,Lack of money
860,130,2024-01-05,PLANNED,0.0,
861,13,2023-08-18,POSTPONED,0.0,Competing priorities
862,161,2024-07-11,RESEARCHED,0.3,
863,111,2023-05-17,RESEARCHED,1.1,
864,169,2025-06-21,RESEARCHED,1.7,
865,219,2024-07-01,POSTPONED,0.0,Lack of time
866,95,2024-03-06,RESEARCHED,3.6,
867,238,2024-05-06,RESEARCHED,2.4,
868,170,2024-03-16,POSTPONED,0.0,Lack of motivation
869,73,2025-04-15,RESEARCHED,60.0,
870,123,2025-01-07,RESEARCHED,0.8,
871,94,2025-06-29,RESEARCHED,0.2,
872,202,2024-08-24,CREATED,0.0,
873,85,2025-01-02,CONTINUED,11.9,
874,135,2023-07-25,CONTINUED,1.1,
875,70,2024-12-21,RESEARCHED,3.2,
876,276,2025-04-22,RESEARCHED,1.1,
877,114,2023-12-02,CREATED,0.0,
878,87,2023-07-16,CREATED,0.0,
879,268,2025-07-06,CONTINUED,1.6,
880,108,2025-04-15,CONTINUED,2.3,
881,259,2023-04-12,PLANNED,0.0,
882,115,2025-03-10,PLANNED,0.0,
883,74,2025-05-03,POSTPONED,0.0,Unclear next step
884,263,2023-12-19,PLANNED,0.0,
885,312,2024-03-14,CONTINUED,0.3,
886,54,2024-10-26,RESEARCHED,2.2,
887,205,2025-01-05,RESEARCHED,1.4,
888,130,2023-12-21,RESEARCHED,0.0,
889,7,2023-04-10,CREATED,0.0,
890,305,2024-04-06,PLANNED,0.0,
891,282,2023-04-13,RESEARCHED,2.8,
892,174,2023-08-08,POSTPONED,0.0,Low energy / burnout
893,125,2024-01-31,POSTPONED,0.0,Low energy / burnout
894,75,2023-08-16,CREATED,0.0,
895,112,2024-08-21,PLANNED,0.0,
896,170,2024-01-26,CONTINUED,2.3,
897,25,2023-10-28,CREATED,0.0,
898,289,2024-10-23,CREATED,0.0,
899,112,2024-10-11,CONTINUED,1.5,
900,134,2025-03-18,PLANNED,0.0,
901,151,2025-03-20,CREATED,0.0,
902,193,2024-09-24,CREATED,0.0,
903,114,2023-12-23,RESEARCHED,4.9,
904,174,2023-09-30,CONTINUED,5.9,
905,267,2024-07-16,CONTINUED,2.0,
906,85,2024-11-25,RESEARCHED,0.3,
907,26,2024-07-30,CONTINUED,0.5,
908,193,2024-10-07,RESEARCHED,3.9,
909,316,2024-03-02,RESEARCHED,0.3,
910,72,2025-07-04,PLANNED,60.0,
911,256,2025-01-28,CREATED,0.0,
912,99,2025-05-18,PLANNED,0.0,
913,72,2025-07-29,STARTED,0.0,
914,85,2025-04-01,CONTINUED,1.0,
915,182,2024-08-16,CREATED,0.0,
916,55,2024-02-03,CONTINUED,1.3,
917,261,2024-05-12,CREATED,0.0,
918,135,2023-05-06,RESEARCHED,1.2,
919,179,2024-09-08,RESEARCHED,0.0,
920,105,2023-08-25,RESEARCHED,0.5,
921,95,2024-02-14,CREATED,0.0,
922,148,2024-08-31,RESEARCHED,1.7,
923,185,2024-10-20,CONTINUED,0.5,
924,135,2023-08-28,COMPLETED,0.0,
925,182,2024-10-27,CONTINUED,0.4,
926,181,2023-10-09,RESEARCHED,1.0,
927,214,2025-02-27,RESEARCHED,1.7,
928,18,2024-04-14,RESEARCHED,1.0,
929,211,2025-01-19,CREATED,0.0,
930,295,2024-10-01,RESEARCHED,0.3,
931,288,2023-03-05,CREATED,0.0,
932,295,2024-10-18,PLANNED,0.0,
933,238,2024-06-04,POSTPONED,0.0,Lost interest
934,219,2024-08-17,CONTINUED,5.0,
935,275,2024-02-10,CREATED,0.0,
936,131,2023-09-20,RESEARCHED,1.1,
937,108,2025-07-16,CONTINUED,4.5,
938,252,2025-05-15,CREATED,0.0,
939,259,2023-03-28,CREATED,0.0,
940,221,2023-06-30,POSTPONED,0.0,Lack of motivation
941,82,2023-10-08,PLANNED,0.0,
942,62,2023-09-28,CREATED,0.0,
943,17,2023-06-28,ABANDONED,0.0,Overestimated effort required
944,159,2023-04-18,PLANNED,0.0,
945,135,2023-08-10,CONTINUED,4.8,
946,261,2024-05-22,RESEARCHED,2.2,
947,307,2023-09-02,CREATED,0.0,
948,219,2024-08-11,POSTPONED,0.0,Lack of money
949,29,2025-06-18,CREATED,0.0,
950,306,2024-02-26,CONTINUED,0.8,
951,275,2024-03-05,RESEARCHED,2.6,
952,130,2024-06-05,CONTINUED,3.2,
953,311,2025-06-29,RESEARCHED,0.4,
954,245,2025-03-01,ABANDONED,0.0,Perfectionism / fear of failure
955,69,2023-05-20,CONTINUED,2.6,
956,134,2025-03-12,RESEARCHED,2.4,
957,282,2023-06-20,CONTINUED,8.3,
958,200,2024-10-15,CREATED,0.0,
959,90,2024-06-10,POSTPONED,0.0,Unclear next step
960,188,2024-01-11,POSTPONED,0.0,Unclear next step
961,130,2024-07-14,COMPLETED,0.0,
962,20,2024-12-27,CONTINUED,1.7,
963,110,2024-12-04,POSTPONED,0.0,Low energy / burnout
964,109,2023-10-07,CREATED,0.0,
965,291,2024-05-10,CONTINUED,2.8,
966,40,2025-01-10,CREATED,0.0,
967,120,2025-04-07,RESEARCHED,0.0,
968,182,2024-10-16,CONTINUED,1.8,
969,84,2023-04-10,RESEARCHED,1.2,
970,69,2023-07-29,POSTPONED,0.0,Blocked by dependency
971,97,2025-05-18,CREATED,0.0,
972,245,2025-02-02,RESEARCHED,1.7,
973,61,2025-01-07,RESEARCHED,0.7,
974,219,2024-09-28,CONTINUED,0.0,
975,39,2023-10-13,CREATED,0.0,
976,12,2024-10-12,CREATED,0.0,
977,20,2024-08-20,CREATED,0.0,
978,250,2024-09-06,CREATED,0.0,
979,135,2023-04-05,RESEARCHED,0.5,
980,9,2024-08-20,PLANNED,0.0,
981,186,2025-05-23,COMPLETED,0.0,
982,312,2023-11-08,RESEARCHED,60.0,
983,157,2025-04-29,CONTINUED,1.9,
984,277,2023-07-18,CREATED,0.0,
985,9,2024-09-21,CONTINUED,0.6,
986,90,2024-04-27,RESEARCHED,0.0,
987,230,2023-10-24,POSTPONED,0.0,Lost interest
988,52,2023-04-15,POSTPONED,0.0,Perfectionism / fear of failure
989,126,2024-10-25,CREATED,0.0,
990,313,2023-05-31,CREATED,0.0,
991,66,2023-06-15,CREATED,0.0,
992,285,2024-10-26,RESEARCHED,0.0,
993,79,2025-07-31,POSTPONED,0.0,No accountability
994,164,2023-03-25,POSTPONED,0.0,Lack of motivation
995,27,2023-07-17,POSTPONED,0.0,Lack of money
996,68,2025-06-13,RESEARCHED,0.6,
997,97,2025-07-12,CONTINUED,0.0,
998,108,2025-06-12,CONTINUED,1.2,
999,28,2024-11-21,ABANDONED,0.0,Lack of money
1000,88,2024-08-05,CREATED,0.0,
1001,91,2024-01-14,CONTINUED,0.7,
1002,60,2023-10-19,CREATED,0.0,
1003,91,2023-11-16,RESEARCHED,2.0,
1004,17,2023-05-30,PLANNED,0.0,
1005,159,2023-06-04,CONTINUED,1.0,
1006,250,2024-11-20,PLANNED,0.0,
1007,291,2024-02-17,RESEARCHED,0.7,
1008,76,2023-09-10,RESEARCHED,0.3,
1009,268,2025-06-30,STARTED,0.0,
1010,309,2025-03-29,RESEARCHED,0.5,
1011,48,2023-03-02,CREATED,0.0,
1012,263,2024-02-13,POSTPONED,0.0,Competing priorities
1013,179,2024-09-26,RESEARCHED,1.0,
1014,180,2025-03-21,RESEARCHED,0.6,
1015,52,2023-03-24,CREATED,0.0,
1016,73,2025-05-10,PLANNED,0.0,
1017,316,2024-03-14,PLANNED,0.0,
1018,17,2023-05-05,RESEARCHED,2.1,
1019,281,2023-12-22,PLANNED,0.0,
1020,166,2024-04-08,RESEARCHED,1.7,
1021,159,2023-06-25,COMPLETED,0.0,
1022,144,2023-10-08,CREATED,0.0,
1023,302,2025-05-05,CREATED,0.0,
1024,318,2024-10-09,RESEARCHED,3.3,
1025,3,2023-10-26,ABANDONED,0.0,Lack of money
1026,230,2023-09-07,CREATED,0.0,
1027,247,2025-05-11,PLANNED,0.0,
1028,241,2023-03-09,CREATED,0.0,
1029,247,2025-07-10,CONTINUED,0.4,
1030,106,2025-07-11,RESEARCHED,1.3,
1031,84,2023-05-09,PLANNED,0.0,
1032,96,2023-10-08,STARTED,0.0,
1033,5,2024-11-24,ABANDONED,0.0,Competing priorities
1034,276,2025-04-26,PLANNED,0.0,
1035,272,2023-01-22,CREATED,0.0,
1036,175,2024-07-18,CREATED,0.0,
1037,116,2024-07-27,ABANDONED,0.0,Lack of motivation
1038,130,2024-05-03,CONTINUED,8.7,
1039,76,2023-10-12,RESEARCHED,0.5,
1040,292,2025-05-23,ABANDONED,0.0,Lost interest
1041,225,2024-04-07,RESEARCHED,1.8,
1042,40,2025-01-27,RESEARCHED,1.2,
1043,42,2023-12-29,CREATED,0.0,
1044,311,2025-07-11,PLANNED,0.0,
1045,263,2024-01-16,STARTED,0.0,
1046,193,2024-10-19,RESEARCHED,2.9,
1047,51,2023-05-26,COMPLETED,0.0,
1048,226,2023-08-11,CREATED,0.0,
1049,247,2025-06-21,CONTINUED,1.5,
1050,173,2023-11-23,COMPLETED,0.0,
1051,159,2023-03-12,RESEARCHED,0.8,
1052,106,2025-06-17,RESEARCHED,0.6,
1053,53,2024-12-20,RESEARCHED,0.0,
1054,170,2023-12-06,RESEARCHED,0.9,
1055,170,2023-12-23,RESEARCHED,0.3,
1056,108,2025-03-06,PLANNED,0.0,
1057,71,2024-10-21,RESEARCHED,0.9,
1058,223,2024-06-06,POSTPONED,0.0,Lost interest
1059,135,2023-05-22,PLANNED,0.0,
1060,197,2024-02-24,POSTPONED,0.0,Lost interest
1061,110,2024-11-29,RESEARCHED,0.0,
1062,141,2023-11-20,CREATED,0.0,
1063,62,2023-10-30,PLANNED,0.0,
1064,30,2023-09-25,RESEARCHED,1.1,
1065,212,2023-09-09,PLANNED,0.0,
1066,308,2024-11-27,RESEARCHED,0.5,
1067,49,2023-11-12,POSTPONED,0.0,No accountability
1068,280,2024-04-27,PLANNED,0.0,
1069,96,2023-08-13,CREATED,0.0,
1070,239,2025-05-17,CREATED,0.0,
1071,91,2023-11-01,RESEARCHED,1.2,
1072,177,2024-06-05,CREATED,0.0,
1073,221,2023-09-02,CONTINUED,1.4,
1074,263,2024-03-03,COMPLETED,0.0,
1075,111,2023-10-13,CONTINUED,1.5,
1076,267,2024-07-12,CONTINUED,1.2,
1077,133,2023-12-30,CREATED,0.0,
1078,163,2023-02-21,RESEARCHED,1.5,
1079,154,2024-11-23,RESEARCHED,1.6,
1080,269,2025-06-01,CREATED,0.0,
1081,309,2025-03-07,CREATED,0.0,
1082,149,2025-04-10,CREATED,0.0,
1083,146,2024-04-18,RESEARCHED,0.0,
1084,63,2024-09-11,CREATED,0.0,
1085,172,2023-07-12,CREATED,0.0,
1086,265,2023-11-05,CREATED,0.0,
1087,57,2025-04-02,RESEARCHED,1.0,
1088,212,2023-07-25,CREATED,0.0,
1089,159,2023-05-28,CONTINUED,1.0,
1090,228,2023-10-24,RESEARCHED,2.3,
1091,174,2023-08-09,PLANNED,0.0,
1092,276,2025-07-30,COMPLETED,0.0,
1093,72,2025-06-21,CREATED,0.0,
1094,316,2024-04-12,STARTED,0.0,
1095,139,2023-12-26,RESEARCHED,0.2,
1096,296,2023-05-13,CREATED,0.0,
1097,165,2024-11-17,RESEARCHED,1.7,
1098,303,2023-05-15,CREATED,0.0,
1099,5,2024-11-12,PLANNED,0.0,
1100,134,2025-01-27,RESEARCHED,0.5,
1101,195,2024-12-14,RESEARCHED,0.8,
1102,235,2023-11-07,POSTPONED,0.0,Blocked by dependency
1103,247,2025-05-16,STARTED,0.0,
1104,269,2025-07-08,RESEARCHED,0.8,
1105,136,2025-01-17,RESEARCHED,0.6,
1106,127,2024-05-07,STARTED,0.0,
1107,98,2024-09-01,CREATED,0.0,
1108,222,2023-04-10,CREATED,0.0,
1109,139,2024-01-13,RESEARCHED,0.3,
1110,39,2024-03-03,CONTINUED,2.8,
1111,116,2024-05-09,PLANNED,0.0,
1112,113,2025-06-06,CREATED,0.0,
1113,312,2024-01-24,POSTPONED,0.0,No accountability
1114,201,2024-11-24,CREATED,0.0,
1115,274,2025-05-14,CREATED,0.0,
1116,270,2023-03-21,CREATED,0.0,
1117,306,2024-01-29,CONTINUED,0.6,
1118,133,2024-02-07,RESEARCHED,0.2,
1119,70,2024-11-29,CREATED,0.0,
1120,309,2025-05-25,STARTED,0.0,
1121,146,2024-05-02,PLANNED,0.0,
1122,171,2024-11-24,RESEARCHED,2.9,
1123,209,2024-12-01,RESEARCHED,0.0,
1124,234,2023-05-15,CREATED,0.0,
1125,276,2025-03-08,CREATED,0.0,
1126,118,2023-07-24,CREATED,0.0,
1127,247,2025-05-10,RESEARCHED,1.6,
1128,155,2023-06-10,CREATED,0.0,
1129,271,2025-01-27,PLANNED,0.0,
1130,191,2024-12-10,CREATED,0.0,
1131,135,2023-07-18,CONTINUED,1.1,
1132,293,2023-04-30,POSTPONED,0.0,No accountability
1133,267,2024-05-12,POSTPONED,0.0,Overestimated effort required
1134,51,2023-03-14,PLANNED,0.0,
1135,122,2024-03-02,PLANNED,0.0,
1136,43,2023-03-24,RESEARCHED,0.2,
1137,18,2024-02-10,CREATED,0.0,
1138,74,2025-03-17,CREATED,0.0,
1139,202,2024-09-01,RESEARCHED,0.8,
1140,100,2024-04-28,RESEARCHED,4.1,
1141,296,2023-07-27,ABANDONED,0.0,Lack of time
1142,174,2023-08-25,STARTED,0.0,
1143,39,2023-10-26,RESEARCHED,1.4,
1144,170,2023-11-19,CREATED,0.0,
1145,289,2024-12-02,RESEARCHED,0.6,
1146,254,2023-05-19,CONTINUED,15.3,
1147,54,2024-09-25,RESEARCHED,0.7,
1148,263,2023-11-11,RESEARCHED,1.6,
1149,134,2025-01-09,RESEARCHED,0.9,
1150,281,2023-11-27,CREATED,0.0,
1151,84,2023-06-09,CONTINUED,1.6,
1152,165,2025-04-08,CONTINUED,0.8,
1153,30,2023-12-20,CONTINUED,0.0,
1154,320,2023-09-01,CREATED,0.0,
1155,195,2024-12-11,CREATED,0.0,
1156,117,2025-01-26,ABANDONED,0.0,Lack of money
1157,280,2024-04-23,RESEARCHED,0.3,
1158,174,2023-07-13,RESEARCHED,2.0,
1159,26,2024-07-14,PLANNED,0.0,
1160,232,2025-03-18,CREATED,0.0,
1161,295,2024-09-09,RESEARCHED,0.4,
1162,165,2025-01-06,STARTED,0.0,
1163,131,2023-10-23,RESEARCHED,0.4,
1164,111,2023-09-10,CONTINUED,1.0,
1165,30,2023-10-18,POSTPONED,0.0,Low energy / burnout
1166,167,2024-02-22,ABANDONED,0.0,Lack of money
1167,212,2023-08-16,RESEARCHED,1.7,
1168,267,2024-02-15,RESEARCHED,1.5,
1169,236,2024-04-04,CREATED,0.0,
1170,1,2025-01-29,CREATED,0.0,
1171,203,2025-05-15,CREATED,0.0,
1172,301,2023-04-06,RESEARCHED,0.3,
1173,89,2023-08-04,CREATED,0.0,
1174,103,2023-08-28,RESEARCHED,0.3,
1175,285,2024-10-10,RESEARCHED,2.4,
1176,154,2024-11-07,CREATED,0.0,
1177,310,2025-03-31,CREATED,0.0,
1178,122,2024-02-11,CREATED,0.0,
1179,60,2023-11-09,RESEARCHED,0.7,
1180,137,2023-04-06,CREATED,0.0,
1181,214,2025-03-24,POSTPONED,0.0,No accountability
1182,160,2024-05-16,RESEARCHED,1.4,
1183,275,2024-05-31,ABANDONED,0.0,Lack of motivation
1184,177,2024-06-22,RESEARCHED,3.1,
1185,157,2025-01-10,RESEARCHED,0.6,
1186,312,2023-11-02,RESEARCHED,0.3,
1187,305,2024-07-04,ABANDONED,0.0,Perfectionism / fear of failure
1188,173,2023-09-05,CONTINUED,7.0,
1189,269,2025-06-18,RESEARCHED,1.7,
1190,39,2024-03-05,CONTINUED,0.0,
1191,101,2025-01-02,CONTINUED,5.8,
1192,9,2024-08-27,STARTED,0.0,
1193,15,2023-11-07,RESEARCHED,2.8,
1194,101,2024-12-06,STARTED,0.0,
1195,41,2025-04-06,CREATED,0.0,
1196,108,2025-03-16,STARTED,0.0,
1197,192,2024-01-25,CREATED,0.0,
1198,258,2024-03-09,ABANDONED,0.0,Blocked by dependency
1199,127,2024-04-26,PLANNED,0.0,
1200,85,2024-11-10,CREATED,0.0,
1201,95,2024-04-17,PLANNED,0.0,
1202,76,2023-08-17,CREATED,0.0,
1203,241,2023-04-23,PLANNED,0.0,
1204,234,2023-05-23,RESEARCHED,0.4,
1205,186,2025-04-19,CONTINUED,1.1,
1206,297,2024-01-21,CREATED,0.0,
1207,96,2024-01-11,CONTINUED,1.7,
1208,165,2024-12-29,RESEARCHED,1.4,
1209,57,2025-04-16,PLANNED,0.0,
1210,254,2023-01-30,CREATED,0.0,
1211,214,2025-05-24,CONTINUED,1.9,
1212,260,2023-02-20,CREATED,0.0,
1213,250,2024-09-26,RESEARCHED,0.7,
1214,100,2024-04-05,CREATED,0.0,
1215,85,2024-12-02,PLANNED,0.0,
1216,165,2025-02-01,CONTINUED,0.7,
1217,7,2023-06-20,RESEARCHED,0.0,
1218,155,2023-06-25,RESEARCHED,0.9,
1219,282,2023-06-01,CONTINUED,2.4,
1220,33,2025-07-02,PLANNED,0.0,
1221,20,2024-11-24,STARTED,0.0,
1222,258,2024-02-10,RESEARCHED,8.1,
1223,291,2024-02-01,CREATED,0.0,
1224,313,2023-07-29,POSTPONED,0.0,Unclear next step
1225,200,2024-12-16,STARTED,0.0,
1226,253,2023-08-20,CREATED,0.0,
1227,5,2024-09-12,RESEARCHED,1.1,
1228,102,2023-10-06,CREATED,0.0,
1229,287,2025-02-24,ABANDONED,0.0,No accountability
1230,123,2025-03-31,ABANDONED,0.0,Competing priorities
1231,13,2023-11-13,ABANDONED,0.0,Lost interest
1232,254,2023-03-26,RESEARCHED,1.3,
1233,165,2025-03-19,CONTINUED,5.0,
1234,80,2023-03-29,RESEARCHED,1.1,
1235,107,2023-12-27,CREATED,0.0,
1236,51,2023-02-21,CREATED,0.0,
1237,187,2024-06-22,POSTPONED,0.0,Perfectionism / fear of failure
1238,308,2024-11-25,CREATED,0.0,
1239,206,2024-10-26,ABANDONED,0.0,Lack of time
1240,40,2025-03-03,PLANNED,0.0,
1241,217,2023-05-07,CREATED,0.0,
1242,65,2025-07-05,CONTINUED,0.3,
1243,282,2023-05-02,CONTINUED,5.3,
1244,110,2024-11-15,CREATED,0.0,
1245,13,2023-08-13,RESEARCHED,0.0,
1246,234,2023-06-12,PLANNED,0.0,
1247,160,2024-06-02,RESEARCHED,60.0,
1248,235,2023-09-29,CREATED,0.0,
1249,34,2025-02-11,RESEARCHED,0.7,
1250,225,2024-05-01,POSTPONED,0.0,Competing priorities
1251,171,2024-11-30,PLANNED,0.0,
1252,135,2023-03-29,CREATED,0.0,
1253,120,2025-03-17,RESEARCHED,1.6,
1254,120,2025-04-17,RESEARCHED,2.7,
1255,173,2023-09-11,CONTINUED,4.3,
1256,92,2024-11-19,CREATED,0.0,
1257,263,2023-12-05,POSTPONED,0.0,Lost interest
1258,17,2023-03-09,CREATED,0.0,
1259,25,2024-05-21,COMPLETED,0.0,
1260,315,2024-02-10,CREATED,0.0,
1261,224,2025-07-10,RESEARCHED,1.0,
1262,283,2023-02-27,CREATED,0.0,
1263,49,2024-02-03,POSTPONED,0.0,Lack of time
1264,209,2024-11-26,RESEARCHED,1.4,
1265,257,2023-09-01,RESEARCHED,2.0,
1266,55,2024-01-15,CONTINUED,1.3,
1267,170,2024-04-07,CONTINUED,0.9,
1268,273,2025-05-01,CREATED,0.0,
1269,237,2023-11-20,ABANDONED,0.0,No accountability
1270,304,2025-05-01,CREATED,0.0,
1271,91,2023-10-18,CREATED,0.0,
1272,4,2025-01-03,CREATED,0.0,
1273,120,2025-03-12,RESEARCHED,0.5,
1274,210,2023-11-13,CREATED,0.0,
1275,10,2024-12-22,CREATED,0.0,
1276,7,2023-07-05,ABANDONED,0.0,Competing priorities
1277,39,2024-01-04,PLANNED,0.0,
1278,127,2024-03-20,RESEARCHED,1.8,
1279,232,2025-04-01,RESEARCHED,2.0,
1280,299,2023-01-19,CREATED,0.0,
1281,127,2024-04-21,POSTPONED,0.0,Lack of money
1282,174,2023-05-09,RESEARCHED,1.2,
1283,101,2025-01-23,CONTINUED,0.5,
1284,309,2025-07-19,CONTINUED,0.0,
1285,59,2024-06-15,RESEARCHED,0.4,
1286,292,2025-03-19,CREATED,0.0,
1287,286,2024-07-21,CREATED,0.0,
1288,303,2023-06-25,RESEARCHED,1.2,
1289,8,2025-04-27,RESEARCHED,0.9,
1290,304,2025-06-18,PLANNED,0.0,
1291,231,2023-08-01,CREATED,0.0,
1292,26,2025-01-19,ABANDONED,0.0,Low energy / burnout
1293,308,2025-03-05,CONTINUED,2.2,
1294,18,2024-02-22,RESEARCHED,0.5,
1295,17,2023-03-29,RESEARCHED,0.9,
1296,278,2023-08-30,CREATED,0.0,
1297,215,2023-05-25,CREATED,0.0,
1298,173,2023-08-15,PLANNED,0.0,
1299,5,2024-10-30,POSTPONED,0.0,Blocked by dependency
1300,227,2025-03-29,CONTINUED,3.7,
1301,68,2025-05-04,CREATED,0.0,
1302,82,2023-10-02,RESEARCHED,0.6,
1303,169,2025-04-13,CREATED,0.0,
1304,223,2024-02-25,PLANNED,0.0,
1305,160,2024-05-31,RESEARCHED,0.3,
1306,34,2025-01-19,RESEARCHED,0.9,
1307,50,2023-10-31,CREATED,0.0,
1308,311,2025-07-26,ABANDONED,0.0,Lost interest
1309,199,2024-05-24,CREATED,0.0,
1310,60,2023-10-30,RESEARCHED,1.9,
1311,285,2024-09-21,CREATED,0.0,
1312,222,2023-05-29,PLANNED,0.0,
1313,88,2024-08-21,PLANNED,0.0,
1314,205,2024-12-17,CREATED,0.0,
1315,233,2023-05-24,RESEARCHED,1.6,
1316,176,2024-05-28,ABANDONED,0.0,Lack of motivation
1317,282,2023-03-11,CREATED,0.0,
1318,2,2023-05-18,ABANDONED,0.0,No accountability
1319,289,2024-12-10,POSTPONED,0.0,Low energy / burnout
1320,222,2023-04-29,RESEARCHED,4.7,
1321,39,2023-12-05,RESEARCHED,0.4,
1322,79,2025-07-01,RESEARCHED,1.0,
1323,291,2024-04-14,STARTED,0.0,
1324,131,2023-10-10,RESEARCHED,0.8,
1325,287,2024-11-30,POSTPONED,0.0,Blocked by dependency
1326,111,2023-08-18,CONTINUED,4.9,
1327,108,2025-07-19,CONTINUED,0.8,
1328,247,2025-07-22,COMPLETED,0.0,
1329,14,2024-06-30,CREATED,0.0,
1330,224,2025-06-25,CREATED,0.0,
1331,96,2023-08-14,RESEARCHED,0.0,
1332,133,2024-02-07,RESEARCHED,0.2,
1333,284,2024-04-07,CREATED,0.0,
1334,5,2024-08-26,CREATED,0.0,
1335,157,2025-03-27,STARTED,0.0,
1336,186,2025-02-16,RESEARCHED,1.6,
1337,2,2023-03-31,CREATED,0.0,
1338,28,2024-09-05,CREATED,0.0,
1339,45,2023-10-13,CREATED,0.0,
1340,299,2023-03-11,CONTINUED,1.1,
1341,55,2024-02-28,CONTINUED,0.4,
1342,223,2024-01-21,RESEARCHED,0.0,
1343,227,2025-05-01,POSTPONED,0.0,Lack of motivation
1344,78,2025-01-13,ABANDONED,0.0,Overestimated effort required
1345,148,2024-08-26,RESEARCHED,0.9,
1346,132,2024-05-21,CREATED,0.0,
1347,30,2023-09-04,CREATED,0.0,
1348,116,2024-04-26,CREATED,0.0,
1349,127,2024-09-17,COMPLETED,0.0,
1350,129,2025-03-15,RESEARCHED,0.0,
1351,57,2025-03-12,RESEARCHED,1.6,
1352,144,2023-11-06,PLANNED,0.0,
1353,41,2025-04-17,RESEARCHED,0.6,
1354,3,2023-08-12,CREATED,0.0,
1355,86,2025-02-07,REPLACED,0.0,Replaced by a different priority
1356,17,2023-05-17,POSTPONED,0.0,Overestimated effort required
1357,41,2025-06-03,PLANNED,0.0,
1358,232,2025-04-06,RESEARCHED,0.0,
1359,71,2024-10-16,RESEARCHED,0.0,
1360,243,2025-06-07,RESEARCHED,0.6,
1361,159,2023-06-06,CONTINUED,2.7,
1362,288,2023-06-02,CONTINUED,8.3,
1363,57,2025-04-14,POSTPONED,0.0,Competing priorities
1364,234,2023-07-27,CONTINUED,0.8,
1365,9,2024-08-13,RESEARCHED,1.0,
1366,202,2024-10-03,REPLACED,0.0,Replaced by a different priority
1367,78,2024-12-16,RESEARCHED,0.2,
1368,308,2024-12-20,RESEARCHED,1.2,
1369,197,2023-10-23,PLANNED,0.0,
1370,68,2025-05-24,RESEARCHED,2.3,
1371,218,2025-04-23,RESEARCHED,1.7,
1372,267,2024-08-10,CONTINUED,0.8,
1373,78,2024-11-26,CREATED,0.0,
1374,242,2024-06-27,CREATED,0.0,
1375,25,2023-11-23,POSTPONED,0.0,Lack of motivation
1376,133,2024-03-18,CONTINUED,3.0,
1377,219,2024-09-21,POSTPONED,0.0,Low energy / burnout
1378,320,2023-09-08,RESEARCHED,1.1,
1379,30,2023-12-26,CONTINUED,1.4,
1380,228,2023-11-18,RESEARCHED,0.4,
1381,306,2024-03-17,CONTINUED,7.0,
1382,131,2023-11-25,POSTPONED,0.0,Blocked by dependency
1383,127,2024-08-13,CONTINUED,1.1,
1384,69,2023-03-31,STARTED,0.0,
1385,129,2025-03-04,CREATED,0.0,
1386,153,2024-10-14,RESEARCHED,4.0,
1387,137,2023-04-25,RESEARCHED,1.3,
1388,189,2024-04-28,RESEARCHED,4.2,
1389,176,2024-05-12,PLANNED,0.0,
1390,35,2024-10-27,CREATED,0.0,
1391,25,2023-12-09,PLANNED,0.0,
1392,177,2024-08-30,ABANDONED,0.0,Perfectionism / fear of failure
1393,170,2024-02-27,CONTINUED,0.0,
1394,166,2024-03-22,CREATED,0.0,
1395,186,2025-05-13,CONTINUED,0.9,
1396,276,2025-07-28,CONTINUED,2.3,
1397,263,2023-10-25,RESEARCHED,0.7,
1398,246,2023-06-06,CREATED,0.0,
1399,9,2025-01-13,COMPLETED,0.0,
1400,22,2025-03-22,CREATED,0.0,
1401,78,2025-01-13,ABANDONED,0.0,Overestimated effort required
1402,76,2024-01-25,CONTINUED,2.8,
1403,135,2023-06-18,STARTED,0.0,
1404,49,2023-11-08,RESEARCHED,0.6,
1405,56,2024-02-10,CREATED,0.0,
1406,80,2023-03-13,RESEARCHED,0.6,
1407,39,2023-11-12,RESEARCHED,0.8,
1408,227,2024-12-03,CREATED,0.0,
1409,212,2023-11-16,CONTINUED,2.0,
1410,71,2024-10-19,RESEARCHED,1.0,
1411,18,2024-05-26,ABANDONED,0.0,Lack of time
1412,53,2024-12-08,RESEARCHED,4.6,
1413,69,2023-08-11,REPLACED,0.0,Replaced by a different priority
1414,267,2024-01-25,CREATED,0.0,
1415,41,2025-06-09,CONTINUED,3.3,
1416,97,2025-07-05,STARTED,0.0,
1417,139,2024-02-20,ABANDONED,0.0,Blocked by dependency
1418,134,2024-12-19,CREATED,0.0,
