intention_id,title,motivation,date_created,perceived_importance,urgency,personal_interest,career_relevance,estimated_effort_hours,has_deadline,deadline_date,category_id,category_name,status,first_event_date,last_event_date,terminal_date,research_hours,action_hours,n_postponed,n_continued_sessions,n_researched_sessions,reached_started,survival_days,days_since_last_activity,action_latency_days,started_date,is_zombie,research_to_action_ratio,completion_efficiency
1,Learn SQL properly,Personal growth,2025-01-29,3.0,2.0,4.0,4.0,6.6,1,2025-04-10,7,Learning & Skills,OPEN/STALLED,2025-01-29,2025-02-23,2025-02-23,4.6,0.0,0,0,1,False,25,159,,,True,,
2,Practice a new software tool weekly,Career advancement,2023-03-31,2.0,4.0,4.0,1.0,13.3,0,,7,Learning & Skills,ABANDONED,2023-03-31,2023-05-18,2023-05-18,2.1,0.0,0,0,2,False,48,806,,,False,,
3,Apply to 10 jobs abroad,Career advancement,2023-08-12,2.0,2.0,3.0,1.0,1.7,1,2024-01-27,1,Career,ABANDONED,2023-08-12,2023-10-26,2023-10-26,1.0,0.0,0,0,1,False,75,645,,,False,,
4,Prototype a small app idea,Obligation / should-do,2025-01-03,2.0,1.0,3.0,1.0,2.3,0,,9,Side Project,OPEN/STALLED,2025-01-03,2025-01-03,2025-01-03,0.0,0.0,0,0,0,False,0,210,,,False,,
5,Start sketching daily,Personal growth,2024-08-26,4.0,2.0,3.0,1.0,5.0,1,2024-09-10,2,Creative,ABANDONED,2024-08-26,2024-11-24,2024-11-24,2.0,0.0,1,0,2,False,90,250,,,False,,
6,Plan a date night routine,Health & wellbeing,2023-10-12,3.0,1.0,3.0,1.0,6.3,1,2024-01-20,8,Relationships,OPEN/STALLED,2023-10-12,2023-10-12,2023-10-12,0.0,0.0,0,0,0,False,0,659,,,False,,
7,Study for a certification exam,Curiosity / fun,2023-04-10,2.0,4.0,3.0,1.0,17.1,0,,7,Learning & Skills,ABANDONED,2023-04-10,2023-07-05,2023-07-05,4.5,0.0,0,0,4,False,86,758,,,False,,
8,Start a puzzle-solving habit,Health & wellbeing,2025-04-06,1.0,2.0,1.0,1.0,9.7,1,2025-08-15,5,Hobby,OPEN/STALLED,2025-04-06,2025-06-09,2025-06-09,0.9,0.0,1,0,1,False,64,53,,,False,,
9,Plan a family visit,Curiosity / fun,2024-07-19,4.0,2.0,3.0,1.0,2.2,0,,8,Relationships,COMPLETED,2024-07-19,2025-01-13,2025-01-13,1.0,21.3,0,7,1,True,178,200,39.0,2024-08-27,False,0.0469483568075117,9.68181818181818
10,Try a new recipe every week,Financial security,2024-12-22,2.0,2.0,4.0,1.0,1.7,1,2025-06-23,5,Hobby,OPEN/STALLED,2024-12-22,2024-12-22,2024-12-22,0.0,0.0,0,0,0,False,0,222,,,False,,
11,CREATE A MONTHLY BUDGET,Obligation / should-do,2025-05-25,3.0,2.0,2.0,3.0,20.7,1,2025-07-03,3,Financial,OPEN/STALLED,2025-05-25,2025-07-06,2025-07-06,11.9,0.0,0,0,3,True,42,26,42.0,2025-07-06,False,,
12,Learn the basics of investing,Personal growth,2024-10-12,4.0,,3.0,2.0,19.6,0,,3,Financial,OPEN/STALLED,2024-10-12,2024-10-12,2024-10-12,0.0,0.0,0,0,0,False,0,293,,,False,,
13,Set up a filing system,Health & wellbeing,2023-08-03,2.0,2.0,2.0,1.0,17.0,0,,6,Home & Admin,ABANDONED,2023-08-03,2023-11-13,2023-11-13,0.0,0.0,1,0,1,False,102,627,,,False,,
14,Start journaling regularly,Personal growth,2024-06-30,4.0,2.0,4.0,1.0,4.6,0,,5,Hobby,REPLACED,2024-06-30,2024-08-13,2024-08-13,1.1,0.0,0,0,1,False,44,353,,,False,,
15,Create a travel budget,Financial security,2023-10-04,3.0,4.0,3.0,3.0,0.8,0,,10,Travel,OPEN/STALLED,2023-10-04,2023-11-07,2023-11-07,5.6,0.0,0,0,3,False,34,633,,,True,,
16,Declutter the apartment,Curiosity / fun,2023-08-23,4.0,2.0,3.0,1.0,1.4,0,,6,Home & Admin,OPEN/STALLED,2023-08-23,2023-08-23,2023-08-23,0.0,0.0,0,0,0,False,0,709,,,False,,
17,Send a thank-you note,Curiosity / fun,2023-03-09,2.0,3.0,5.0,1.0,3.9,1,2023-08-15,8,Relationships,ABANDONED,2023-03-09,2023-06-28,2023-06-28,6.800000000000001,0.0,1,0,4,False,111,765,,,False,,
18,Learn a new design software,Creative expression,2024-02-10,2.0,3.0,3.0,1.0,13.0,0,,2,Creative,ABANDONED,2024-02-10,2024-05-26,2024-05-26,4.6,0.0,1,0,4,False,106,432,,,False,,
19,Start a home workout routine,Social connection,2023-05-23,3.0,3.0,2.0,1.0,,1,2023-10-27,4,Fitness & Health,OPEN/STALLED,2023-05-23,2023-05-23,2023-05-23,0.0,0.0,0,0,0,False,0,801,,,False,,
20,Start a small garden,Financial security,2024-08-20,1.0,2.0,3.0,1.0,6.6,0,,5,Hobby,COMPLETED,2024-08-20,2025-04-20,2025-04-20,3.1,10.6,3,4,3,True,243,103,96.0,2024-11-24,False,0.2924528301886792,1.6060606060606062
21,Start meditating daily,Health & wellbeing,2024-05-20,1.0,2.0,2.0,1.0,7.1,1,2024-06-15,4,Fitness & Health,OPEN/STALLED,2024-05-20,2024-05-20,2024-05-20,0.0,0.0,0,0,0,False,0,438,,,False,,
22,Improve sleep schedule,Health & wellbeing,2025-03-22,3.0,4.0,3.0,,7.6,0,,4,Fitness & Health,OPEN/STALLED,2025-03-22,2025-03-22,2025-03-22,0.0,0.0,0,0,0,False,0,132,,,False,,
23,Reconnect with a former colleague,Social connection,2024-09-02,,2.0,3.0,4.0,6.9,0,,8,Relationships,OPEN/STALLED,2024-09-02,2024-09-02,2024-09-02,0.0,0.0,0,0,0,False,0,333,,,False,,
24,Build a personal data project,Social connection,2024-11-27,3.0,2.0,1.0,4.0,16.1,0,,9,Side Project,OPEN/STALLED,2024-11-27,2024-11-27,2024-11-27,0.0,0.0,0,0,0,False,0,247,,,False,,
25,Renew an expiring document,Creative expression,2023-10-28,4.0,1.0,5.0,1.0,13.8,0,,6,Home & Admin,COMPLETED,2023-10-28,2024-05-21,2024-05-21,0.7,21.9,2,5,1,True,206,437,60.0,2023-12-27,False,0.0319634703196347,1.5869565217391306
26,Ask for a performance review,Health & wellbeing,2024-05-27,5.0,1.0,2.0,2.0,5.2,0,,1,Career,ABANDONED,2024-05-27,2025-01-19,2025-01-19,4.5,65.8,1,6,2,True,237,194,54.0,2024-07-20,False,0.0683890577507598,
27,Pay off a small debt,Personal growth,2023-06-06,1.0,2.0,2.0,3.0,3.6,0,,3,Financial,ABANDONED,2023-06-06,2023-10-09,2023-10-09,0.4,0.0,1,0,1,False,125,662,,,False,,
28,Start a small blog,Career advancement,2024-09-05,4.0,1.0,3.0,3.0,2.7,0,,9,Side Project,ABANDONED,2024-09-05,2024-11-21,2024-11-21,8.5,0.0,0,0,3,False,77,253,,,False,,
29,Read one book on statistics,Social connection,2025-06-18,3.0,4.0,1.0,2.0,10.3,0,,7,Learning & Skills,OPEN/STALLED,2025-06-18,2025-07-09,2025-07-09,0.7,0.0,0,0,1,False,21,23,,,False,,
30,Finish a painting series,Health & wellbeing,2023-09-04,4.0,1.0,1.0,2.0,10.7,0,,2,Creative,COMPLETED,2023-09-04,2024-01-09,2024-01-09,1.1,1.4,1,2,1,True,127,570,80.0,2023-11-23,False,0.7857142857142858,0.1308411214953271
31,Learn basic public speaking,Personal growth,2024-05-12,3.0,3.0,2.0,2.0,10.6,0,,7,Learning & Skills,OPEN/STALLED,2024-05-12,2024-05-30,2024-05-30,0.5,0.0,0,0,1,False,18,428,,,True,,
32,Learn to cook healthier meals,Personal growth,2024-05-01,2.0,4.0,3.0,1.0,14.7,0,,4,Fitness & Health,OPEN/STALLED,2024-05-01,2024-05-01,2024-05-01,0.0,0.0,0,0,0,False,0,457,,,False,,
33,Compare insurance providers,Financial security,2025-06-12,2.0,3.0,4.0,1.0,19.4,0,,3,Financial,OPEN/STALLED,2025-06-12,2025-07-02,2025-07-02,2.3,0.0,0,0,1,False,20,30,,,False,,
34,Contribute to an open-source project,Social connection,2025-01-17,3.0,3.0,5.0,2.0,4.1,0,,9,Side Project,OPEN/STALLED,2025-01-17,2025-03-03,2025-03-03,5.9,0.0,0,0,4,False,45,151,,,True,,
35,Join a local social group,Creative expression,2024-10-27,,1.0,3.0,,10.5,0,,8,Relationships,OPEN/STALLED,2024-10-27,2024-10-27,2024-10-27,0.0,0.0,0,0,0,False,0,278,,,False,,
36,LEARN CONVERSATIONAL SPANISH,Financial security,2023-08-19,4.0,2.0,5.0,2.0,94.5,1,2023-09-07,7,Learning & Skills,OPEN/STALLED,2023-08-19,2023-08-19,2023-08-19,0.0,0.0,0,0,0,False,0,713,,,False,,
37,Learn basic woodworking,Career advancement,2023-01-08,3.0,1.0,2.0,2.0,6.7,1,2023-07-02,5,Hobby,OPEN/STALLED,2023-01-08,2023-01-08,2023-01-08,0.0,0.0,0,0,0,False,0,936,,,False,,
38,WRITE SHORT STORIES WEEKLY,Health & wellbeing,2023-02-02,3.0,3.0,3.0,1.0,2.1,0,,2,Creative,OPEN/STALLED,2023-02-02,2023-02-24,2023-02-24,0.0,0.0,0,0,1,False,22,889,,,False,,
39,Start a freelance side gig,Financial security,2023-10-13,2.0,3.0,3.0,1.0,9.5,0,,9,Side Project,COMPLETED,2023-10-13,2024-08-06,2024-08-06,4.2,13.9,3,5,4,True,298,360,110.0,2024-01-31,False,0.302158273381295,1.463157894736842
40,BUILD AN AUTOMATION SCRIPT,Creative expression,2025-01-10,3.0,1.0,3.0,2.0,2.9,0,,9,Side Project,ABANDONED,2025-01-10,2025-03-25,2025-03-25,1.6,0.0,0,0,2,False,74,129,,,False,,
41,Try a new craft technique,Health & wellbeing,2025-04-06,3.0,3.0,4.0,2.0,2.4,0,,2,Creative,OPEN/STALLED,2025-04-06,2025-07-05,2025-07-05,2.3000000000000003,3.3,1,1,3,True,90,27,60.0,2025-06-05,False,0.6969696969696971,
42,Learn touch typing,Creative expression,2023-12-29,2.0,3.0,4.0,3.0,261.8,0,,7,Learning & Skills,OPEN/STALLED,2023-12-29,2023-12-29,2023-12-29,0.0,0.0,0,0,0,False,0,581,,,False,,
43,Get a professional certification,Curiosity / fun,2023-03-04,3.0,3.0,4.0,3.0,6.1,0,,1,Career,ABANDONED,2023-03-04,2023-06-05,2023-06-05,0.2,0.0,0,0,1,False,93,788,,,False,,
44,Finish an online Python course,Personal growth,2023-07-16,4.0,1.0,3.0,1.0,8.8,1,2023-11-21,7,Learning & Skills,OPEN/STALLED,2023-07-16,2023-07-16,2023-07-16,0.0,0.0,0,0,0,False,0,747,,,False,,
45,Write a long-overdue message,Health & wellbeing,2023-10-13,5.0,1.0,4.0,1.0,5.3,0,,8,Relationships,OPEN/STALLED,2023-10-13,2023-12-27,2023-12-27,0.6,0.0,1,0,2,False,75,583,,,True,,
46,Plan a road trip route,Career advancement,2023-04-11,4.0,2.0,2.0,1.0,15.1,1,2023-09-10,10,Travel,OPEN/STALLED,2023-04-11,2023-04-11,2023-04-11,0.0,0.0,0,0,0,False,0,843,,,False,,
47,Learn to use Power BI,Creative expression,2023-06-20,2.0,2.0,3.0,,56.2,0,,7,Learning & Skills,OPEN/STALLED,2023-06-20,2023-06-20,2023-06-20,0.0,0.0,0,0,0,False,0,773,,,False,,
48,Enter a local art competition,Obligation / should-do,2023-03-02,3.0,1.0,3.0,1.0,17.6,1,2023-03-16,2,Creative,OPEN/STALLED,2023-03-02,2023-03-23,2023-03-23,2.9,0.0,0,0,2,False,21,862,,,True,,
49,Set up automatic savings,Creative expression,2023-10-20,2.0,2.0,4.0,3.0,2.8,0,,3,Financial,COMPLETED,2023-10-20,2024-04-05,2024-04-05,0.6,2.1,2,3,1,True,168,483,60.0,2023-12-19,False,0.2857142857142857,0.7500000000000001
50,Train for a 5k run,Career advancement,2023-10-31,2.0,2.0,2.0,3.0,11.8,1,2023-11-28,4,Fitness & Health,OPEN/STALLED,2023-10-31,2024-01-01,2024-01-01,6.4,0.0,0,0,3,False,62,578,,,True,,
51,Organize digital files,Personal growth,2023-02-21,1.0,3.0,5.0,2.0,2.1,0,,6,Home & Admin,COMPLETED,2023-02-21,2023-05-26,2023-05-26,0.0,65.5,0,3,1,True,94,798,32.0,2023-03-25,False,0.0,31.19047619047619
52,Build a portfolio website,Health & wellbeing,2023-03-24,2.0,4.0,2.0,3.0,16.4,0,,1,Career,OPEN/STALLED,2023-03-24,2023-04-15,2023-04-15,0.0,0.0,1,0,1,False,22,839,,,False,,
53,Start a houseplant collection,Obligation / should-do,2024-11-22,2.0,2.0,1.0,1.0,6.5,0,,5,Hobby,OPEN/STALLED,2024-11-22,2024-12-20,2024-12-20,4.6,0.0,0,0,2,False,28,224,,,True,,
54,Complete a data visualization course,Health & wellbeing,2024-08-15,1.0,4.0,1.0,1.0,9.2,0,,7,Learning & Skills,OPEN/STALLED,2024-08-15,2024-11-07,2024-11-07,5.000000000000001,0.0,0,0,4,False,84,267,,,True,,
55,Schedule regular calls with family,Curiosity / fun,2023-09-25,4.0,1.0,4.0,1.0,3.4,1,2024-04-09,8,Relationships,COMPLETED,2023-09-25,2024-04-07,2024-04-07,1.1,3.0,2,4,2,True,195,481,93.0,2023-12-27,False,0.3666666666666667,0.8823529411764706
56,Redesign a personal art portfolio,Social connection,2024-02-10,3.0,2.0,2.0,1.0,5.8,1,2024-08-07,2,Creative,ABANDONED,2024-02-10,2024-05-23,2024-05-23,2.4,0.0,0,0,1,False,103,435,,,False,,
57,Research visa requirements,Career advancement,2025-02-08,3.0,3.0,5.0,1.0,55.7,0,,10,Travel,ABANDONED,2025-02-08,2025-07-08,2025-07-08,4.1,0.0,2,0,4,False,150,24,,,False,,
58,Plan a weekend getaway,Health & wellbeing,2024-07-30,1.0,2.0,4.0,1.0,4.7,0,,10,Travel,OPEN/STALLED,2024-07-30,2024-08-31,2024-08-31,3.6,0.0,0,0,3,False,32,335,,,True,,
59,LAUNCH A SMALL ONLINE SHOP,Health & wellbeing,2024-06-02,2.0,2.0,2.0,3.0,11.3,1,2024-09-13,9,Side Project,ABANDONED,2024-06-02,2024-09-15,2024-09-15,0.4,0.0,0,0,1,False,105,320,,,False,,
60,Start a photography project,Social connection,2023-10-19,2.0,3.0,3.0,2.0,14.4,1,2024-03-20,2,Creative,REPLACED,2023-10-19,2024-05-27,2024-05-27,2.6,5.2,1,5,2,True,221,431,43.0,2023-12-01,False,0.4999999999999999,
61,Learn basic calligraphy,Social connection,2024-11-14,2.0,1.0,4.0,2.0,8.0,0,,5,Hobby,COMPLETED,2024-11-14,2025-01-19,2025-01-19,1.7,0.0,0,0,3,True,66,194,61.0,2025-01-14,False,,0.0
62,Learn conversational Spanish,Personal growth,2023-09-28,3.0,4.0,2.0,3.0,6.8,1,2023-11-08,7,Learning & Skills,ABANDONED,2023-09-28,2024-01-21,2024-01-21,0.9,0.0,1,0,1,False,115,558,,,False,,
63,Research investment options,Financial security,2024-09-11,2.0,3.0,4.0,3.0,26.4,1,2024-12-21,3,Financial,ABANDONED,2024-09-11,2025-01-22,2025-01-22,2.1,0.0,1,0,2,False,133,191,,,False,,
64,Plan a savings goal,Career advancement,2023-09-15,3.0,3.0,3.0,2.0,7.3,0,,3,Financial,OPEN/STALLED,2023-09-15,2023-09-15,2023-09-15,0.0,0.0,0,0,0,False,0,686,,,False,,
65,Learn touch typing,Curiosity / fun,2025-04-29,3.0,3.0,2.0,5.0,3.3,1,2025-05-13,7,Learning & Skills,OPEN/STALLED,2025-04-29,2025-07-05,2025-07-05,1.2,0.3,0,1,2,True,67,27,42.0,2025-06-10,False,4.0,
66,Book a full medical check-up,Obligation / should-do,2023-06-15,1.0,3.0,4.0,,14.4,0,,4,Fitness & Health,OPEN/STALLED,2023-06-15,2023-06-15,2023-06-15,0.0,0.0,0,0,0,False,0,778,,,False,,
67,Build a portfolio project,Personal growth,2023-04-25,,1.0,3.0,1.0,19.6,1,2023-11-01,9,Side Project,OPEN/STALLED,2023-04-25,2023-04-25,2023-04-25,0.0,0.0,0,0,0,False,0,829,,,False,,
68,Start a niche newsletter,Personal growth,2025-05-04,3.0,1.0,3.0,3.0,4.9,0,,9,Side Project,OPEN/STALLED,2025-05-04,2025-06-13,2025-06-13,3.3,0.0,0,0,3,False,40,49,,,False,,
69,Call an old friend,Career advancement,2023-02-12,2.0,2.0,3.0,1.0,5.3,0,,8,Relationships,REPLACED,2023-02-12,2023-08-11,2023-08-11,1.4,16.400000000000002,1,4,2,True,180,721,47.0,2023-03-31,False,0.0853658536585365,
70,Fix a recurring household issue,Curiosity / fun,2024-11-29,3.0,1.0,1.0,1.0,6.7,1,2025-01-08,6,Home & Admin,REPLACED,2024-11-29,2024-12-31,2024-12-31,3.2,0.0,0,0,1,False,32,213,,,False,,
71,Build a personal dashboard,Financial security,2024-09-27,3.0,4.0,4.0,2.0,8.0,0,,9,Side Project,OPEN/STALLED,2024-09-27,2024-10-21,2024-10-21,1.9,0.0,0,0,3,False,24,284,,,True,,
72,Cut down on sugar,Personal growth,2025-06-21,2.0,2.0,3.0,1.0,3.9,0,,4,Fitness & Health,OPEN/STALLED,2025-06-21,2025-07-29,2025-07-29,0.3,0.0,0,0,1,True,38,3,38.0,2025-07-29,False,,
73,Update personal records,Financial security,2025-04-01,3.0,4.0,3.0,2.0,15.2,0,,6,Home & Admin,OPEN/STALLED,2025-04-01,2025-06-01,2025-06-01,61.0,0.0,0,0,2,True,61,61,61.0,2025-06-01,False,,
74,Build an emergency fund,Obligation / should-do,2025-03-17,2.0,2.0,3.0,2.0,4.1,0,,3,Financial,OPEN/STALLED,2025-03-17,2025-05-03,2025-05-03,13.7,0.0,1,0,4,False,47,90,,,False,,
75,Research career change options,Curiosity / fun,2023-08-16,3.0,3.0,5.0,3.0,56.7,1,2023-12-25,1,Career,OPEN/STALLED,2023-08-16,2023-08-16,2023-08-16,0.0,0.0,0,0,0,False,0,716,,,False,,
76,Review and cut subscriptions,Obligation / should-do,2023-08-17,2.0,3.0,3.0,5.0,3.9,1,2023-10-19,3,Financial,OPEN/STALLED,2023-08-17,2024-02-01,2024-02-01,2.1,10.7,2,4,4,True,168,547,98.0,2023-11-23,True,0.1962616822429906,
77,Reorganize the wardrobe,Curiosity / fun,2025-06-04,2.0,1.0,1.0,1.0,4.1,1,2025-08-28,6,Home & Admin,OPEN/STALLED,2025-06-04,2025-07-27,2025-07-27,0.8,0.0,1,0,1,True,53,5,53.0,2025-07-27,False,,
78,LAUNCH A SMALL ONLINE SHOP,Curiosity / fun,2024-11-26,3.0,3.0,5.0,3.0,4.9,0,,9,Side Project,ABANDONED,2024-11-26,2025-01-13,2025-01-13,0.2,0.0,0,0,1,False,48,200,,,False,,
79,Update CV and LinkedIn profile,Personal growth,2025-06-17,2.0,3.0,1.0,5.0,23.6,0,,1,Career,OPEN/STALLED,2025-06-17,2025-07-31,2025-07-31,1.4,0.0,1,0,2,False,44,1,,,False,,
80,Learn a card or board game deeply,Curiosity / fun,2023-02-09,2.0,1.0,5.0,1.0,24.9,1,2023-06-14,5,Hobby,OPEN/STALLED,2023-02-09,2023-03-31,2023-03-31,4.6,0.0,0,0,4,False,50,854,,,True,,
81,SELL UNUSED ITEMS ONLINE,Health & wellbeing,2024-09-12,1.0,1.0,3.0,1.0,5.4,0,,6,Home & Admin,OPEN/STALLED,2024-09-12,2024-09-12,2024-09-12,0.0,0.0,0,0,0,False,0,323,,,False,,
82,Organize a small get-together,Career advancement,2023-09-18,3.0,1.0,3.0,1.0,13.0,1,2024-01-21,8,Relationships,OPEN/STALLED,2023-09-18,2023-10-08,2023-10-08,1.2,0.0,0,0,2,False,20,663,,,True,,
83,Build a personal dashboard,Financial security,2024-12-04,3.0,1.0,1.0,4.0,11.0,0,,9,Side Project,OPEN/STALLED,2024-12-04,2024-12-04,2024-12-04,0.0,0.0,0,0,0,False,0,240,,,False,,
84,Automate a recurring bill payment,Curiosity / fun,2023-03-13,2.0,4.0,3.0,2.0,8.7,0,,6,Home & Admin,COMPLETED,2023-03-13,2023-06-30,2023-06-30,3.1,1.6,0,1,3,True,109,763,62.0,2023-05-14,False,1.9375,0.1839080459770115
85,START A READING CHALLENGE,Social connection,2024-11-10,5.0,4.0,3.0,2.0,14.6,0,,5,Hobby,OPEN/STALLED,2024-11-10,2025-04-01,2025-04-01,0.3,34.1,1,6,1,True,142,122,35.0,2024-12-15,True,0.0087976539589442,
86,Start a freelance side gig,Obligation / should-do,2024-11-13,4.0,1.0,4.0,3.0,1.7,0,,9,Side Project,REPLACED,2024-11-13,2025-02-07,2025-02-07,1.4,0.0,0,0,1,False,86,175,,,False,,
87,Track spending for a month,Obligation / should-do,2023-07-16,1.0,,3.0,3.0,31.6,0,,3,Financial,OPEN/STALLED,2023-07-16,2023-07-16,2023-07-16,0.0,0.0,0,0,0,False,0,747,,,False,,
88,Reduce screen time before bed,Career advancement,2024-08-05,3.0,4.0,1.0,1.0,7.8,0,,4,Fitness & Health,OPEN/STALLED,2024-08-05,2024-08-21,2024-08-21,1.5,0.0,0,0,1,False,16,345,,,True,,
89,Pay off a small debt,Curiosity / fun,2023-08-04,3.0,2.0,1.0,2.0,2.5,0,,3,Financial,OPEN/STALLED,2023-08-04,2023-08-04,2023-08-04,0.0,0.0,0,0,0,False,0,728,,,False,,
90,Learn key phrases for a trip,Creative expression,2024-03-28,3.0,3.0,2.0,1.0,3.1,0,,10,Travel,ABANDONED,2024-03-28,2024-08-29,2024-08-29,6.6,0.0,1,0,4,False,154,337,,,False,,
91,Start going to the gym 3x/week,Curiosity / fun,2023-10-18,3.0,3.0,2.0,2.0,5.1,0,,4,Fitness & Health,COMPLETED,2023-10-18,2024-06-09,2024-06-09,8.7,8.1,1,4,4,True,235,418,65.0,2023-12-22,False,1.074074074074074,1.5882352941176472
92,READ ONE BOOK ON STATISTICS,Financial security,2024-11-19,2.0,2.0,2.0,1.0,2.8,0,,7,Learning & Skills,OPEN/STALLED,2024-11-19,2024-11-19,2024-11-19,0.0,0.0,0,0,0,False,0,255,,,False,,
93,Start daily stretching,Health & wellbeing,2023-02-17,5.0,2.0,2.0,,7.4,1,2023-07-02,4,Fitness & Health,OPEN/STALLED,2023-02-17,2023-02-17,2023-02-17,0.0,0.0,0,0,0,False,0,896,,,False,,
94,Plan a trip itinerary,Financial security,2025-06-26,2.0,3.0,4.0,1.0,4.9,0,,10,Travel,OPEN/STALLED,2025-06-26,2025-06-29,2025-06-29,0.2,0.0,0,0,1,False,3,33,,,False,,
95,Repair a strained relationship,Career advancement,2024-02-14,2.0,1.0,1.0,2.0,35.9,1,2024-08-13,8,Relationships,ABANDONED,2024-02-14,2024-07-14,2024-07-14,3.6,0.0,1,0,1,False,151,383,,,False,,
96,Learn touch typing,Creative expression,2023-08-13,2.0,3.0,3.0,5.0,22.4,1,2024-02-21,7,Learning & Skills,COMPLETED,2023-08-13,2024-03-16,2024-03-16,0.0,6.3,3,4,1,True,216,503,56.0,2023-10-08,False,0.0,0.28125
97,Prepare for technical interviews,Creative expression,2025-05-18,3.0,1.0,1.0,2.0,4.1,1,2025-07-05,1,Career,OPEN/STALLED,2025-05-18,2025-07-16,2025-07-16,0.6,1.3,0,2,1,True,59,16,48.0,2025-07-05,False,0.4615384615384615,
98,Build a personal dashboard,Creative expression,2024-09-01,1.0,1.0,2.0,4.0,18.1,0,,9,Side Project,OPEN/STALLED,2024-09-01,2024-09-01,2024-09-01,0.0,0.0,0,0,0,False,0,334,,,False,,
99,COLLECT AND ORGANIZE A HOBBY SET,Creative expression,2025-04-30,3.0,4.0,3.0,1.0,32.2,0,,5,Hobby,OPEN/STALLED,2025-04-30,2025-05-18,2025-05-18,2.0,0.0,0,0,1,False,18,75,,,False,,
100,Learn to cook healthier meals,Social connection,2024-04-05,3.0,1.0,3.0,1.0,2.4,1,2024-06-21,4,Fitness & Health,OPEN/STALLED,2024-04-05,2024-06-16,2024-06-16,12.499999999999998,0.0,1,0,5,False,72,411,,,True,,
101,Start a niche newsletter,Health & wellbeing,2024-10-03,4.0,4.0,1.0,3.0,4.5,1,2025-02-06,9,Side Project,ABANDONED,2024-10-03,2025-05-01,2025-05-01,1.3,8.2,2,3,1,True,210,92,64.0,2024-12-06,False,0.1585365853658537,
102,RESEARCH INVESTMENT OPTIONS,Health & wellbeing,2023-10-06,2.0,1.0,2.0,2.0,3.9,0,,3,Financial,OPEN/STALLED,2023-10-06,2023-10-06,2023-10-06,0.0,0.0,0,0,0,False,0,665,,,False,,
103,Improve sleep schedule,Personal growth,2023-08-25,3.0,2.0,3.0,1.0,4.9,0,,4,Fitness & Health,ABANDONED,2023-08-25,2023-11-01,2023-11-01,0.3,0.0,0,0,1,False,68,639,,,False,,
104,Learn to play an instrument,Creative expression,2024-02-29,4.0,3.0,2.0,1.0,16.1,0,,2,Creative,OPEN/STALLED,2024-02-29,2024-02-29,2024-02-29,0.0,0.0,0,0,0,False,0,519,,,False,,
105,Call an old friend,Obligation / should-do,2023-07-31,1.0,3.0,2.0,2.0,4.1,0,,8,Relationships,OPEN/STALLED,2023-07-31,2023-08-25,2023-08-25,0.5,0.0,0,0,1,False,25,707,,,True,,
106,Start a houseplant collection,Obligation / should-do,2025-05-27,1.0,1.0,3.0,1.0,3.6,0,,5,Hobby,OPEN/STALLED,2025-05-27,2025-07-24,2025-07-24,5.999999999999999,0.0,0,0,3,False,58,8,,,False,,
107,Plan a solo trip,Obligation / should-do,2023-12-27,3.0,1.0,3.0,1.0,4.5,0,,10,Travel,ABANDONED,2023-12-27,2024-02-05,2024-02-05,1.3,0.0,0,0,1,False,40,543,,,False,,
108,Repair a strained relationship,Financial security,2025-02-04,3.0,1.0,2.0,2.0,4.9,0,,8,Relationships,OPEN/STALLED,2025-02-04,2025-07-19,2025-07-19,2.6,9.6,1,5,2,True,165,13,40.0,2025-03-16,False,0.2708333333333333,
109,RESEARCH A RELOCATION DESTINATION,Career advancement,2023-10-07,4.0,1.0,4.0,3.0,0.9,0,,10,Travel,OPEN/STALLED,2023-10-07,2023-10-07,2023-10-07,0.0,0.0,0,0,0,False,0,664,,,False,,
110,Plan a date night routine,Obligation / should-do,2024-11-15,2.0,3.0,3.0,1.0,4.7,0,,8,Relationships,OPEN/STALLED,2024-11-15,2024-12-04,2024-12-04,0.0,0.0,1,0,1,False,19,240,,,False,,
111,LEARN TO COOK HEALTHIER MEALS,Career advancement,2023-05-11,3.0,2.0,4.0,1.0,11.1,0,,4,Fitness & Health,COMPLETED,2023-05-11,2023-10-17,2023-10-17,6.9,9.4,1,4,4,True,159,654,71.0,2023-07-21,False,0.7340425531914894,0.8468468468468469
112,JOIN A LOCAL SOCIAL GROUP,Health & wellbeing,2024-07-31,2.0,2.0,2.0,1.0,5.6,0,,8,Relationships,OPEN/STALLED,2024-07-31,2024-10-11,2024-10-11,0.4,1.5,0,1,1,True,72,294,49.0,2024-09-18,True,0.2666666666666666,
113,WRITE A LONG-OVERDUE MESSAGE,Career advancement,2025-06-06,3.0,5.0,4.0,1.0,24.1,0,,8,Relationships,OPEN/STALLED,2025-06-06,2025-06-06,2025-06-06,0.0,0.0,0,0,0,False,0,56,,,False,,
114,Compare insurance providers,Curiosity / fun,2023-12-02,2.0,1.0,2.0,1.0,6.0,1,2024-03-08,3,Financial,OPEN/STALLED,2023-12-02,2023-12-23,2023-12-23,5.2,0.0,0,0,2,False,21,587,,,True,,
115,Reconnect with a former colleague,Obligation / should-do,2025-02-09,3.0,4.0,3.0,1.0,17.2,0,,8,Relationships,OPEN/STALLED,2025-02-09,2025-03-10,2025-03-10,0.7,0.0,0,0,1,False,29,144,,,True,,
116,Create a monthly budget,Career advancement,2024-04-26,1.0,2.0,4.0,1.0,22.9,1,2024-09-25,3,Financial,ABANDONED,2024-04-26,2024-07-27,2024-07-27,0.5,0.0,0,0,1,False,92,370,,,False,,
117,Deep clean the kitchen,Career advancement,2024-10-27,3.0,2.0,4.0,3.0,9.6,1,2025-04-25,6,Home & Admin,ABANDONED,2024-10-27,2025-01-26,2025-01-26,1.9,0.0,1,0,1,False,91,187,,,False,,
118,Network with 5 people in target industry,Personal growth,2023-07-24,3.0,2.0,2.0,3.0,3.8,0,,1,Career,OPEN/STALLED,2023-07-24,2023-07-24,2023-07-24,0.0,0.0,0,0,0,False,0,739,,,False,,
119,Restore an old creative project,Financial security,2024-04-29,3.0,,3.0,1.0,20.8,0,,2,Creative,OPEN/STALLED,2024-04-29,2024-04-29,2024-04-29,0.0,0.0,0,0,0,False,0,459,,,False,,
120,Research flights for a trip,Health & wellbeing,2025-02-24,2.0,2.0,2.0,1.0,11.5,0,,10,Travel,OPEN/STALLED,2025-02-24,2025-05-11,2025-05-11,4.800000000000001,0.0,1,0,4,False,76,82,,,False,,
121,Start a home workout routine,Social connection,2023-04-21,4.0,1.0,4.0,2.0,11.8,0,,4,Fitness & Health,OPEN/STALLED,2023-04-21,2023-05-28,2023-05-28,0.7,0.0,0,0,1,False,37,796,,,True,,
122,Start a small garden,Financial security,2024-02-11,5.0,1.0,1.0,1.0,31.4,0,,5,Hobby,OPEN/STALLED,2024-02-11,2024-03-02,2024-03-02,1.8,0.0,0,0,1,False,20,517,,,True,,
123,Practice a new software tool weekly,Financial security,2024-12-08,3.0,2.0,3.0,1.0,73.8,0,,7,Learning & Skills,ABANDONED,2024-12-08,2025-03-31,2025-03-31,4.5,0.0,0,0,3,False,113,123,,,False,,
124,Learn to use Power BI,Health & wellbeing,2025-05-20,3.0,2.0,4.0,3.0,10.0,0,,7,Learning & Skills,OPEN/STALLED,2025-05-20,2025-05-20,2025-05-20,0.0,0.0,0,0,0,False,0,73,,,False,,
125,Start a houseplant collection,Curiosity / fun,2023-12-22,2.0,3.0,5.0,2.0,34.3,0,,5,Hobby,OPEN/STALLED,2023-12-22,2024-01-31,2024-01-31,8.399999999999999,0.0,1,0,3,False,40,548,,,True,,
126,Learn basic public speaking,Obligation / should-do,2024-10-25,2.0,1.0,3.0,2.0,21.9,0,,7,Learning & Skills,OPEN/STALLED,2024-10-25,2024-11-19,2024-11-19,1.9,0.0,0,0,2,False,25,255,,,True,,
127,Book a long-postponed trip,Creative expression,2024-03-19,1.0,4.0,3.0,1.0,3.3,0,,10,Travel,COMPLETED,2024-03-19,2024-09-17,2024-09-17,2.2,4.4,2,3,2,True,182,318,49.0,2024-05-07,False,0.5,1.3333333333333337
128,Start daily stretching,Social connection,2023-06-30,1.0,3.0,3.0,1.0,2.5,0,,4,Fitness & Health,OPEN/STALLED,2023-06-30,2023-06-30,2023-06-30,0.0,0.0,0,0,0,False,0,763,,,False,,
129,Learn a card or board game deeply,Obligation / should-do,2025-03-04,2.0,4.0,3.0,1.0,6.5,0,,5,Hobby,OPEN/STALLED,2025-03-04,2025-05-03,2025-05-03,0.3,0.0,1,0,2,False,60,90,,,False,,
130,Start a puzzle-solving habit,Health & wellbeing,2023-11-27,2.0,1.0,3.0,1.0,15.3,0,,5,Hobby,COMPLETED,2023-11-27,2024-07-14,2024-07-14,1.1,27.5,1,9,2,True,230,383,52.0,2024-01-18,False,0.04,1.7973856209150323
131,Track spending for a month,Obligation / should-do,2023-09-07,5.0,3.0,3.0,1.0,82.8,0,,3,Financial,OPEN/STALLED,2023-09-07,2023-11-25,2023-11-25,4.5,0.0,1,0,4,False,79,615,,,True,,
132,Declutter the apartment,Personal growth,2024-05-21,3.0,2.0,3.0,1.0,7.2,0,,6,Home & Admin,OPEN/STALLED,2024-05-21,2024-05-21,2024-05-21,0.0,0.0,0,0,0,False,0,437,,,False,,
133,Learn key phrases for a trip,Curiosity / fun,2023-12-30,2.0,1.0,3.0,1.0,4.3,0,,10,Travel,ABANDONED,2023-12-30,2024-04-16,2024-04-16,1.2,3.0,1,1,3,True,108,472,68.0,2024-03-07,False,0.3999999999999999,
134,Plan a savings goal,Career advancement,2024-12-19,3.0,2.0,5.0,1.0,21.8,0,,3,Financial,OPEN/STALLED,2024-12-19,2025-05-05,2025-05-05,5.6000000000000005,4.9,0,2,4,True,137,88,94.0,2025-03-23,False,1.1428571428571428,
135,Prototype a small app idea,Creative expression,2023-03-29,4.0,1.0,2.0,1.0,2.3,1,2023-07-25,9,Side Project,COMPLETED,2023-03-29,2023-08-28,2023-08-28,4.0,7.0,0,3,3,True,152,704,81.0,2023-06-18,False,0.5714285714285714,3.0434782608695654
136,Prototype a small app idea,Creative expression,2024-12-08,2.0,1.0,5.0,3.0,25.6,0,,9,Side Project,OPEN/STALLED,2024-12-08,2025-01-17,2025-01-17,2.9,0.0,0,0,2,False,40,196,,,True,,
137,Plan a solo trip,Obligation / should-do,2023-04-06,3.0,1.0,2.0,2.0,2.7,0,,10,Travel,OPEN/STALLED,2023-04-06,2023-05-19,2023-05-19,3.8,0.0,1,0,2,False,43,805,,,True,,
138,Redesign a personal art portfolio,Creative expression,2024-11-10,3.0,2.0,2.0,2.0,12.2,0,,2,Creative,OPEN/STALLED,2024-11-10,2024-11-10,2024-11-10,0.0,0.0,0,0,0,False,0,264,,,False,,
139,Build a personal dashboard,Curiosity / fun,2023-12-19,2.0,3.0,2.0,3.0,13.9,0,,9,Side Project,ABANDONED,2023-12-19,2024-02-20,2024-02-20,3.4,0.0,0,0,4,False,63,528,,,False,,
140,Reorganize the wardrobe,Financial security,2023-10-05,2.0,2.0,1.0,2.0,6.9,0,,6,Home & Admin,OPEN/STALLED,2023-10-05,2023-10-08,2023-10-08,0.7,0.0,0,0,1,False,3,663,,,True,,
141,Read one book on statistics,Personal growth,2023-11-20,2.0,3.0,2.0,1.0,2.0,1,2024-04-19,7,Learning & Skills,ABANDONED,2023-11-20,2024-01-30,2024-01-30,1.5,0.0,0,0,1,False,71,549,,,False,,
142,Start a photography project,Social connection,2025-01-26,3.0,,5.0,1.0,37.6,0,,2,Creative,OPEN/STALLED,2025-01-26,2025-01-26,2025-01-26,0.0,0.0,0,0,0,False,0,187,,,False,,
143,Read one book on statistics,Social connection,2023-10-31,3.0,2.0,2.0,3.0,7.9,1,2023-12-29,7,Learning & Skills,OPEN/STALLED,2023-10-31,2023-10-31,2023-10-31,0.0,0.0,0,0,0,False,0,640,,,False,,
144,Learn salary negotiation,Social connection,2023-10-08,4.0,2.0,3.0,1.0,7.8,1,2023-11-04,1,Career,ABANDONED,2023-10-08,2024-01-28,2024-01-28,1.9,0.0,0,0,1,False,112,551,,,False,,
145,Learn to cook healthier meals,Social connection,2023-04-16,3.0,1.0,1.0,2.0,9.5,0,,4,Fitness & Health,OPEN/STALLED,2023-04-16,2023-04-16,2023-04-16,0.0,0.0,0,0,0,False,0,838,,,False,,
146,PLAN A TRIP ITINERARY,Career advancement,2024-03-27,2.0,2.0,3.0,1.0,4.1,0,,10,Travel,OPEN/STALLED,2024-03-27,2024-05-02,2024-05-02,0.0,0.0,0,0,1,False,36,456,,,False,,
147,Track spending for a month,Obligation / should-do,2023-04-27,3.0,1.0,3.0,1.0,20.6,0,,3,Financial,OPEN/STALLED,2023-04-27,2023-04-27,2023-04-27,0.0,0.0,0,0,0,False,0,827,,,False,,
148,Research a relocation destination,Career advancement,2024-08-13,3.0,2.0,4.0,3.0,20.3,0,,10,Travel,OPEN/STALLED,2024-08-13,2024-08-31,2024-08-31,3.2,0.0,0,0,3,False,18,335,,,True,,
149,Improve sleep schedule,Social connection,2025-04-10,1.0,1.0,2.0,1.0,13.0,0,,4,Fitness & Health,OPEN/STALLED,2025-04-10,2025-04-10,2025-04-10,0.0,0.0,0,0,0,False,0,113,,,False,,
150,Read one book on statistics,Obligation / should-do,2023-05-02,2.0,2.0,2.0,1.0,2.3,0,,7,Learning & Skills,REPLACED,2023-05-02,2023-06-09,2023-06-09,0.3,0.0,0,0,1,False,38,784,,,False,,
151,Start a reading challenge,Obligation / should-do,2025-03-20,2.0,1.0,2.0,2.0,3.5,0,,5,Hobby,OPEN/STALLED,2025-03-20,2025-03-20,2025-03-20,0.0,0.0,0,0,0,False,0,134,,,False,,
152,Plan a trip itinerary,Obligation / should-do,2023-11-01,5.0,3.0,3.0,,15.3,0,,10,Travel,OPEN/STALLED,2023-11-01,2023-11-01,2023-11-01,0.0,0.0,0,0,0,False,0,639,,,False,,
153,Plan a savings goal,Financial security,2024-09-27,2.0,2.0,5.0,2.0,23.0,1,2024-11-05,3,Financial,OPEN/STALLED,2024-09-27,2024-10-14,2024-10-14,4.0,0.0,0,0,1,False,17,291,,,True,,
154,Redesign a personal art portfolio,Personal growth,2024-11-07,2.0,2.0,5.0,1.0,41.7,1,2025-01-21,2,Creative,OPEN/STALLED,2024-11-07,2024-12-04,2024-12-04,3.1,0.0,0,0,2,False,27,240,,,True,,
155,Start a small blog,Creative expression,2023-06-10,3.0,1.0,4.0,3.0,14.3,1,2023-10-17,9,Side Project,OPEN/STALLED,2023-06-10,2023-06-25,2023-06-25,0.9,0.0,0,0,1,False,15,768,,,True,,
156,Build an emergency fund,Social connection,2023-08-26,1.0,1.0,3.0,2.0,14.3,0,,3,Financial,OPEN/STALLED,2023-08-26,2023-08-26,2023-08-26,0.0,0.0,0,0,0,False,0,706,,,False,,
157,Research a relocation destination,Financial security,2024-12-04,3.0,1.0,3.0,2.0,13.5,1,2025-02-23,10,Travel,COMPLETED,2024-12-04,2025-06-13,2025-06-13,60.6,2.6,2,2,3,True,191,49,113.0,2025-03-27,False,23.30769230769231,0.1925925925925925
158,Plan a family visit,Social connection,2024-07-11,4.0,3.0,3.0,1.0,1.8,1,2024-09-01,8,Relationships,ABANDONED,2024-07-11,2024-10-09,2024-10-09,5.0,0.0,0,0,4,False,90,296,,,False,,
159,Train for a 5k run,Social connection,2023-03-03,3.0,2.0,3.0,1.0,3.1,1,2023-06-03,4,Fitness & Health,COMPLETED,2023-03-03,2023-06-25,2023-06-25,0.8,4.7,1,3,1,True,114,768,70.0,2023-05-12,False,0.1702127659574468,1.5161290322580645
160,Research a relocation destination,Obligation / should-do,2024-04-24,4.0,2.0,4.0,1.0,8.4,0,,10,Travel,OPEN/STALLED,2024-04-24,2024-06-02,2024-06-02,61.7,0.0,0,0,4,False,39,425,,,True,,
161,Learn the basics of investing,Health & wellbeing,2024-07-06,4.0,1.0,3.0,1.0,5.5,0,,3,Financial,ABANDONED,2024-07-06,2024-09-02,2024-09-02,0.3,0.0,0,0,1,False,58,333,,,False,,
162,START A HOUSEPLANT COLLECTION,Curiosity / fun,2025-06-29,2.0,2.0,2.0,2.0,3.7,0,,5,Hobby,OPEN/STALLED,2025-06-29,2025-06-29,2025-06-29,0.0,0.0,0,0,0,False,0,33,,,False,,
163,START A PUZZLE-SOLVING HABIT,Career advancement,2023-01-27,2.0,2.0,5.0,1.0,20.7,1,2023-08-01,5,Hobby,OPEN/STALLED,2023-01-27,2023-03-18,2023-03-18,3.1,0.0,0,0,2,False,50,867,,,True,,
164,PLAN A SAVINGS GOAL,Personal growth,2023-02-11,1.0,2.0,4.0,2.0,21.3,0,,3,Financial,OPEN/STALLED,2023-02-11,2023-03-25,2023-03-25,0.2,0.0,1,0,1,False,42,860,,,True,,
165,Research flights for a trip,Social connection,2024-10-29,2.0,4.0,5.0,1.0,5.5,0,,10,Travel,OPEN/STALLED,2024-10-29,2025-04-08,2025-04-08,5.5,16.4,0,5,4,True,161,115,69.0,2025-01-06,False,0.3353658536585366,
166,Start meditating daily,Creative expression,2024-03-22,4.0,4.0,2.0,1.0,6.3,0,,4,Fitness & Health,OPEN/STALLED,2024-03-22,2024-04-08,2024-04-08,1.7,0.0,0,0,2,False,17,480,,,True,,
167,STUDY FOR A CERTIFICATION EXAM,Curiosity / fun,2023-12-23,1.0,1.0,2.0,1.0,7.9,0,,7,Learning & Skills,ABANDONED,2023-12-23,2024-02-22,2024-02-22,0.2,0.0,0,0,1,False,61,526,,,False,,
168,Learn conversational Spanish,Creative expression,2023-12-04,3.0,4.0,2.0,3.0,6.7,0,,7,Learning & Skills,ABANDONED,2023-12-04,2024-04-08,2024-04-08,1.6,0.0,1,0,2,False,126,480,,,False,,
169,Compare insurance providers,Career advancement,2025-04-13,3.0,3.0,2.0,3.0,9.5,0,,3,Financial,ABANDONED,2025-04-13,2025-07-09,2025-07-09,5.7,0.0,0,0,4,False,87,23,,,False,,
170,Research a relocation destination,Obligation / should-do,2023-11-19,3.0,2.0,5.0,1.0,5.1,1,2024-01-01,10,Travel,ABANDONED,2023-11-19,2024-05-22,2024-05-22,1.7,9.2,1,6,4,True,185,436,61.0,2024-01-19,False,0.1847826086956521,
171,Build a personal data project,Creative expression,2024-11-04,2.0,1.0,2.0,4.0,29.3,0,,9,Side Project,COMPLETED,2024-11-04,2025-01-14,2025-01-14,2.9,0.9,0,1,1,True,71,199,49.0,2024-12-23,False,3.222222222222222,0.030716723549488
172,Call an old friend,Creative expression,2023-07-12,2.0,1.0,3.0,1.0,14.4,0,,8,Relationships,OPEN/STALLED,2023-07-12,2023-08-19,2023-08-19,0.6,0.0,1,0,1,False,38,713,,,True,,
173,Plan a solo trip,Social connection,2023-07-28,3.0,1.0,5.0,3.0,4.7,1,2023-09-13,10,Travel,COMPLETED,2023-07-28,2023-11-23,2023-11-23,0.3,19.3,0,4,1,True,118,617,21.0,2023-08-18,False,0.0155440414507772,4.1063829787234045
174,PLAN A TRIP ITINERARY,Financial security,2023-05-05,2.0,2.0,3.0,2.0,49.9,1,2023-10-27,10,Travel,OPEN/STALLED,2023-05-05,2023-10-07,2023-10-07,5.1,7.2,2,2,4,True,155,664,112.0,2023-08-25,True,0.7083333333333333,
175,Start a home workout routine,Health & wellbeing,2024-07-18,3.0,1.0,1.0,1.0,7.9,1,2024-11-13,4,Fitness & Health,OPEN/STALLED,2024-07-18,2024-07-18,2024-07-18,0.0,0.0,0,0,0,False,0,379,,,False,,
176,Write short stories weekly,Personal growth,2024-04-17,5.0,1.0,3.0,1.0,23.8,0,,2,Creative,ABANDONED,2024-04-17,2024-05-28,2024-05-28,1.7999999999999998,0.0,0,0,2,False,41,430,,,False,,
177,Plan a weekend getaway,Obligation / should-do,2024-06-05,5.0,1.0,2.0,2.0,15.1,0,,10,Travel,ABANDONED,2024-06-05,2024-08-30,2024-08-30,3.1,0.0,0,0,1,False,86,336,,,False,,
178,PLAN A TRIP ITINERARY,Personal growth,2023-09-07,5.0,3.0,2.0,2.0,22.1,0,,10,Travel,OPEN/STALLED,2023-09-07,2023-09-07,2023-09-07,0.0,0.0,0,0,0,False,0,694,,,False,,
179,Organize a small get-together,Personal growth,2024-09-05,4.0,3.0,4.0,2.0,28.3,0,,8,Relationships,ABANDONED,2024-09-05,2025-01-03,2025-01-03,1.0,0.0,0,0,2,False,120,210,,,False,,
180,Learn to use Power BI,Obligation / should-do,2025-03-02,3.0,2.0,3.0,4.0,3.9,0,,7,Learning & Skills,OPEN/STALLED,2025-03-02,2025-04-06,2025-04-06,2.4,0.0,0,0,2,False,35,117,,,False,,
181,Update personal records,Social connection,2023-10-01,3.0,2.0,3.0,2.0,9.7,0,,6,Home & Admin,OPEN/STALLED,2023-10-01,2023-11-06,2023-11-06,1.0,0.0,1,0,1,False,36,634,,,True,,
182,Plan a savings goal,Creative expression,2024-08-16,3.0,1.0,4.0,3.0,57.2,0,,3,Financial,COMPLETED,2024-08-16,2024-11-04,2024-11-04,4.1,3.3,0,3,2,True,80,270,39.0,2024-09-24,False,1.2424242424242424,0.0576923076923076
183,Learn to cook healthier meals,Curiosity / fun,2024-07-05,2.0,2.0,3.0,3.0,7.5,0,,4,Fitness & Health,OPEN/STALLED,2024-07-05,2024-07-05,2024-07-05,0.0,0.0,0,0,0,False,0,392,,,False,,
184,Build a personal dashboard,Curiosity / fun,2024-01-22,3.0,3.0,3.0,1.0,9.7,0,,9,Side Project,OPEN/STALLED,2024-01-22,2024-02-26,2024-02-26,0.3,0.0,0,0,2,False,35,522,,,True,,
185,Start a photography project,Obligation / should-do,2024-08-08,4.0,1.0,3.0,1.0,23.9,0,,2,Creative,COMPLETED,2024-08-08,2024-11-13,2024-11-13,3.1,0.5,0,1,3,True,97,261,51.0,2024-09-28,False,6.2,0.0209205020920502
186,FIND A MENTOR IN MY FIELD,Obligation / should-do,2025-02-01,1.0,1.0,3.0,4.0,7.7,0,,1,Career,COMPLETED,2025-02-01,2025-05-23,2025-05-23,1.6,3.1,1,3,1,True,111,70,43.0,2025-03-16,False,0.5161290322580645,0.4025974025974026
187,Write a long-overdue message,Personal growth,2024-05-22,2.0,4.0,1.0,1.0,12.1,0,,8,Relationships,OPEN/STALLED,2024-05-22,2024-06-22,2024-06-22,2.0,0.0,1,0,2,False,31,405,,,True,,
188,Contribute to an open-source project,Creative expression,2023-12-06,2.0,1.0,4.0,2.0,4.9,0,,9,Side Project,REPLACED,2023-12-06,2024-01-27,2024-01-27,2.5,0.0,1,0,1,False,52,552,,,False,,
189,Learn basic public speaking,Obligation / should-do,2024-04-12,1.0,3.0,4.0,2.0,43.0,1,2024-06-01,7,Learning & Skills,OPEN/STALLED,2024-04-12,2024-04-28,2024-04-28,8.3,0.0,0,0,3,False,16,460,,,True,,
190,Train for a 5k run,Social connection,2024-04-25,2.0,1.0,2.0,1.0,10.2,0,,4,Fitness & Health,ABANDONED,2024-04-25,2024-05-10,2024-05-10,0.8,0.0,0,0,1,False,15,448,,,False,,
191,Automate a recurring bill payment,Health & wellbeing,2024-12-10,2.0,3.0,1.0,3.0,7.6,0,,6,Home & Admin,OPEN/STALLED,2024-12-10,2024-12-10,2024-12-10,0.0,0.0,0,0,0,False,0,234,,,False,,
192,Update personal records,Creative expression,2024-01-25,4.0,3.0,3.0,2.0,12.2,0,,6,Home & Admin,OPEN/STALLED,2024-01-25,2024-01-25,2024-01-25,0.0,0.0,0,0,0,False,0,554,,,False,,
193,Build a personal data project,Social connection,2024-09-24,3.0,4.0,3.0,3.0,7.5,1,2025-03-18,9,Side Project,ABANDONED,2024-09-24,2025-01-12,2025-01-12,6.8,0.0,0,0,2,False,110,201,,,False,,
194,WRITE SHORT STORIES WEEKLY,Health & wellbeing,2024-03-20,4.0,1.0,5.0,1.0,2.3,0,,2,Creative,OPEN/STALLED,2024-03-20,2024-03-20,2024-03-20,0.0,0.0,0,0,0,False,0,499,,,False,,
195,BOOK A LONG-POSTPONED TRIP,Career advancement,2024-12-11,3.0,1.0,4.0,1.0,5.5,0,,10,Travel,ABANDONED,2024-12-11,2025-02-27,2025-02-27,0.8,0.0,1,0,1,False,78,155,,,False,,
196,Ask for a performance review,Curiosity / fun,2025-03-26,1.0,2.0,1.0,1.0,16.2,1,2025-07-09,1,Career,REPLACED,2025-03-26,2025-05-16,2025-05-16,1.6,0.0,1,0,2,False,51,77,,,False,,
197,Write a long-overdue message,Personal growth,2023-09-08,4.0,3.0,2.0,1.0,8.1,0,,8,Relationships,COMPLETED,2023-09-08,2024-03-02,2024-03-02,7.0,6.4,2,3,3,True,176,517,65.0,2023-11-12,False,1.09375,0.7901234567901234
198,Improve sleep schedule,Obligation / should-do,2023-03-22,1.0,4.0,4.0,1.0,8.4,0,,4,Fitness & Health,OPEN/STALLED,2023-03-22,2023-05-06,2023-05-06,0.4,0.0,1,0,1,False,45,818,,,True,,
199,Try a new recipe every week,Personal growth,2024-05-24,3.0,1.0,3.0,1.0,3.3,0,,5,Hobby,ABANDONED,2024-05-24,2024-08-26,2024-08-26,0.2,0.0,0,0,1,False,94,340,,,False,,
200,Start sketching daily,Career advancement,2024-10-15,2.0,4.0,4.0,1.0,13.7,1,2025-01-02,2,Creative,ABANDONED,2024-10-15,2025-02-04,2025-02-04,3.0,0.3,1,1,2,True,112,178,62.0,2024-12-16,False,10.0,
201,Plan a weekend getaway,Health & wellbeing,2024-11-24,4.0,3.0,3.0,1.0,15.3,0,,10,Travel,OPEN/STALLED,2024-11-24,2024-12-02,2024-12-02,3.1,0.0,0,0,1,False,8,242,,,True,,
202,Research visa requirements,Obligation / should-do,2024-08-24,3.0,3.0,4.0,2.0,5.0,0,,10,Travel,REPLACED,2024-08-24,2024-10-03,2024-10-03,0.8,0.0,0,0,1,False,40,302,,,False,,
203,Track spending for a month,Obligation / should-do,2025-05-15,4.0,2.0,5.0,1.0,39.0,0,,3,Financial,OPEN/STALLED,2025-05-15,2025-06-29,2025-06-29,0.5,0.0,1,0,1,False,45,33,,,False,,
204,Research a relocation destination,Curiosity / fun,2023-08-31,3.0,1.0,,,12.0,0,,10,Travel,OPEN/STALLED,2023-08-31,2023-08-31,2023-08-31,0.0,0.0,0,0,0,False,0,701,,,False,,
205,Start a puzzle-solving habit,Obligation / should-do,2024-12-17,3.0,1.0,3.0,3.0,38.7,0,,5,Hobby,OPEN/STALLED,2024-12-17,2025-01-12,2025-01-12,2.0,0.0,0,0,2,False,26,201,,,True,,
206,BUILD AN EMERGENCY FUND,Career advancement,2024-08-02,3.0,2.0,3.0,3.0,3.3,0,,3,Financial,ABANDONED,2024-08-02,2024-10-26,2024-10-26,0.8,0.0,0,0,1,False,85,279,,,False,,
207,Collect and organize a hobby set,Social connection,2025-05-02,2.0,1.0,3.0,2.0,5.3,0,,5,Hobby,OPEN/STALLED,2025-05-02,2025-05-29,2025-05-29,0.0,0.0,1,0,1,False,27,64,,,False,,
208,Restore an old creative project,Financial security,2025-04-01,4.0,1.0,1.0,1.0,21.0,0,,2,Creative,OPEN/STALLED,2025-04-01,2025-04-01,2025-04-01,0.0,0.0,0,0,0,False,0,122,,,False,,
209,Start a puzzle-solving habit,Personal growth,2024-11-25,5.0,2.0,4.0,1.0,7.0,0,,5,Hobby,OPEN/STALLED,2024-11-25,2025-01-12,2025-01-12,3.2,0.0,0,0,4,False,48,201,,,True,,
210,Learn SQL properly,Career advancement,2023-11-13,4.0,3.0,1.0,4.0,28.3,0,,7,Learning & Skills,OPEN/STALLED,2023-11-13,2023-11-13,2023-11-13,0.0,0.0,0,0,0,False,0,627,,,False,,
211,Learn basic calligraphy,Curiosity / fun,2025-01-19,2.0,3.0,3.0,1.0,5.0,1,2025-04-18,5,Hobby,OPEN/STALLED,2025-01-19,2025-01-19,2025-01-19,0.0,0.0,0,0,0,False,0,194,,,False,,
212,Write a long-overdue message,Curiosity / fun,2023-07-25,2.0,2.0,4.0,2.0,5.9,1,2023-12-24,8,Relationships,OPEN/STALLED,2023-07-25,2023-11-29,2023-11-29,3.5,5.1,0,3,2,True,127,611,52.0,2023-09-15,True,0.6862745098039216,
213,Build a personal dashboard,Social connection,2023-10-07,4.0,1.0,4.0,1.0,5.9,0,,9,Side Project,REPLACED,2023-10-07,2023-12-13,2023-12-13,1.1,0.0,0,0,2,False,67,597,,,False,,
214,Plan a weekend getaway,Health & wellbeing,2025-02-03,1.0,1.0,4.0,1.0,11.2,0,,10,Travel,COMPLETED,2025-02-03,2025-07-11,2025-07-11,1.7,3.7,1,3,1,True,158,21,88.0,2025-05-02,False,0.4594594594594594,0.3303571428571429
215,Research a relocation destination,Financial security,2023-05-25,3.0,3.0,3.0,1.0,20.0,0,,10,Travel,OPEN/STALLED,2023-05-25,2023-06-23,2023-06-23,2.3,0.0,0,0,3,False,29,770,,,True,,
216,Repair a strained relationship,Career advancement,2024-01-10,2.0,1.0,2.0,3.0,17.6,1,2024-05-04,8,Relationships,OPEN/STALLED,2024-01-10,2024-01-10,2024-01-10,0.0,0.0,0,0,0,False,0,569,,,False,,
217,Learn the basics of investing,Social connection,2023-05-07,2.0,,3.0,5.0,11.5,0,,3,Financial,OPEN/STALLED,2023-05-07,2023-05-07,2023-05-07,0.0,0.0,0,0,0,False,0,817,,,False,,
218,Start a small garden,Curiosity / fun,2025-04-22,3.0,3.0,3.0,1.0,6.8,0,,5,Hobby,OPEN/STALLED,2025-04-22,2025-05-31,2025-05-31,2.3,0.0,1,0,2,False,39,62,,,False,,
219,Read one book on statistics,Curiosity / fun,2024-04-27,3.0,2.0,4.0,2.0,15.8,1,2024-10-01,7,Learning & Skills,OPEN/STALLED,2024-04-27,2024-09-28,2024-09-28,1.9,13.5,3,6,1,True,154,307,32.0,2024-05-29,True,0.1407407407407407,
220,TRY A NEW RECIPE EVERY WEEK,Social connection,2024-10-25,3.0,2.0,1.0,2.0,11.2,1,2025-03-06,5,Hobby,OPEN/STALLED,2024-10-25,2024-10-25,2024-10-25,0.0,0.0,0,0,0,False,0,280,,,False,,
221,Plan a family visit,Social connection,2023-05-24,4.0,1.0,5.0,1.0,22.1,1,2023-06-16,8,Relationships,COMPLETED,2023-05-24,2023-09-06,2023-09-06,2.3,6.300000000000001,1,2,1,True,105,695,55.0,2023-07-18,False,0.365079365079365,0.2850678733031674
222,Research a relocation destination,Personal growth,2023-04-10,2.0,3.0,2.0,1.0,45.7,1,2023-09-08,10,Travel,REPLACED,2023-04-10,2023-07-02,2023-07-02,5.0,1.3,0,1,2,True,83,761,52.0,2023-06-01,False,3.846153846153846,
223,Schedule regular calls with family,Obligation / should-do,2024-01-15,2.0,2.0,4.0,2.0,9.4,0,,8,Relationships,COMPLETED,2024-01-15,2024-06-19,2024-06-19,9.1,1.8,1,2,3,True,156,408,54.0,2024-03-09,False,5.055555555555555,0.1914893617021276
224,Start journaling regularly,Health & wellbeing,2025-06-25,3.0,5.0,3.0,1.0,21.0,0,,5,Hobby,OPEN/STALLED,2025-06-25,2025-07-27,2025-07-27,1.0,0.0,1,0,1,False,32,5,,,False,,
225,Plan a road trip route,Social connection,2024-02-22,4.0,4.0,4.0,1.0,35.5,0,,10,Travel,REPLACED,2024-02-22,2024-07-25,2024-07-25,3.4000000000000004,0.0,1,0,2,False,154,372,,,False,,
226,Ask for a performance review,Financial security,2023-08-11,1.0,2.0,2.0,2.0,11.0,0,,1,Career,REPLACED,2023-08-11,2023-10-30,2023-10-30,0.5,0.0,0,0,1,False,80,641,,,False,,
227,Organize digital files,Curiosity / fun,2024-12-03,3.0,3.0,5.0,2.0,6.6,0,,6,Home & Admin,ABANDONED,2024-12-03,2025-05-19,2025-05-19,1.3,9.4,1,3,2,True,167,74,66.0,2025-02-07,False,0.1382978723404255,
228,Research career change options,Creative expression,2023-10-10,4.0,4.0,1.0,3.0,15.3,1,2023-11-24,1,Career,OPEN/STALLED,2023-10-10,2023-11-18,2023-11-18,3.8,0.0,0,0,3,False,39,622,,,True,,
229,Read one book on statistics,Career advancement,2024-10-19,2.0,4.0,3.0,2.0,7.0,0,,7,Learning & Skills,OPEN/STALLED,2024-10-19,2024-10-19,2024-10-19,0.0,0.0,0,0,0,False,0,286,,,False,,
230,Ask for a performance review,Financial security,2023-09-07,3.0,1.0,1.0,4.0,3.8,0,,1,Career,OPEN/STALLED,2023-09-07,2023-10-24,2023-10-24,3.5,0.0,1,0,2,False,47,647,,,True,,
231,Learn basic public speaking,Financial security,2023-08-01,2.0,1.0,2.0,1.0,35.8,0,,7,Learning & Skills,OPEN/STALLED,2023-08-01,2023-08-02,2023-08-02,0.5,0.0,0,0,1,False,1,730,,,True,,
232,Renew an expiring document,Career advancement,2025-03-18,4.0,1.0,5.0,2.0,6.1,0,,6,Home & Admin,OPEN/STALLED,2025-03-18,2025-04-15,2025-04-15,4.0,0.0,0,0,3,False,28,108,,,False,,
233,Review and cut subscriptions,Personal growth,2023-05-14,1.0,5.0,1.0,1.0,20.5,0,,3,Financial,ABANDONED,2023-05-14,2023-08-22,2023-08-22,4.7,0.0,0,0,2,False,100,710,,,False,,
234,LEARN SQL PROPERLY,Curiosity / fun,2023-05-15,5.0,4.0,4.0,3.0,17.6,1,2023-07-28,7,Learning & Skills,OPEN/STALLED,2023-05-15,2023-07-27,2023-07-27,1.9,2.8,0,3,2,True,73,736,41.0,2023-06-25,True,0.6785714285714286,
235,Get a professional certification,Health & wellbeing,2023-09-29,4.0,2.0,3.0,2.0,4.1,1,2024-01-28,1,Career,OPEN/STALLED,2023-09-29,2023-11-07,2023-11-07,3.3,0.0,1,0,1,False,39,633,,,True,,
236,Study for a certification exam,Health & wellbeing,2024-04-04,2.0,1.0,3.0,1.0,3.0,0,,7,Learning & Skills,OPEN/STALLED,2024-04-04,2024-04-04,2024-04-04,0.0,0.0,0,0,0,False,0,484,,,False,,
237,Research flights for a trip,Career advancement,2023-08-15,3.0,4.0,4.0,1.0,3.4,0,,10,Travel,ABANDONED,2023-08-15,2023-11-20,2023-11-20,0.8,0.0,0,0,2,False,97,620,,,False,,
238,Start a freelance side gig,Career advancement,2024-04-14,4.0,1.0,3.0,3.0,3.4,0,,9,Side Project,OPEN/STALLED,2024-04-14,2024-06-04,2024-06-04,3.2,0.0,1,0,2,False,51,423,,,True,,
239,Build a portfolio website,Health & wellbeing,2025-05-17,3.0,1.0,2.0,2.0,1.9,0,,1,Career,OPEN/STALLED,2025-05-17,2025-05-17,2025-05-17,0.0,0.0,0,0,0,False,0,76,,,False,,
240,Plan a trip itinerary,Curiosity / fun,2023-03-17,3.0,2.0,4.0,1.0,27.9,0,,10,Travel,OPEN/STALLED,2023-03-17,2023-03-17,2023-03-17,0.0,0.0,0,0,0,False,0,868,,,False,,
241,Start journaling regularly,Curiosity / fun,2023-03-09,3.0,2.0,3.0,2.0,8.5,1,2023-08-29,5,Hobby,ABANDONED,2023-03-09,2023-05-27,2023-05-27,2.9,0.0,1,0,2,False,79,797,,,False,,
242,Join a local social group,Obligation / should-do,2024-06-27,3.0,1.0,2.0,1.0,39.4,0,,8,Relationships,OPEN/STALLED,2024-06-27,2024-06-27,2024-06-27,0.0,0.0,0,0,0,False,0,400,,,False,,
243,Finish an online Python course,Financial security,2025-05-23,1.0,1.0,2.0,3.0,6.3,0,,7,Learning & Skills,OPEN/STALLED,2025-05-23,2025-06-09,2025-06-09,4.4,0.0,0,0,2,False,17,53,,,False,,
244,Schedule regular calls with family,Creative expression,2025-06-28,4.0,1.0,3.0,1.0,56.3,1,2025-10-06,8,Relationships,OPEN/STALLED,2025-06-28,2025-07-23,2025-07-23,1.2999999999999998,0.0,0,0,2,False,25,9,,,False,,
245,Send a thank-you note,Curiosity / fun,2025-01-17,1.0,2.0,4.0,2.0,6.9,1,2025-05-20,8,Relationships,ABANDONED,2025-01-17,2025-03-01,2025-03-01,1.7,0.0,0,0,1,False,43,153,,,False,,
246,Set up automatic savings,Creative expression,2023-06-06,3.0,2.0,3.0,3.0,59.7,0,,3,Financial,OPEN/STALLED,2023-06-06,2023-06-29,2023-06-29,0.0,0.0,1,0,1,False,23,764,,,False,,
247,Finish an online Python course,Health & wellbeing,2025-05-01,2.0,1.0,3.0,5.0,4.0,1,2025-09-02,7,Learning & Skills,COMPLETED,2025-05-01,2025-07-22,2025-07-22,1.6,6.1000000000000005,0,4,1,True,82,10,15.0,2025-05-16,False,0.2622950819672131,1.525
248,Renew an expiring document,Curiosity / fun,2024-07-23,5.0,4.0,2.0,2.0,35.4,1,2024-12-27,6,Home & Admin,OPEN/STALLED,2024-07-23,2024-07-30,2024-07-30,0.2,0.0,0,0,1,False,7,367,,,True,,
249,Learn touch typing,Obligation / should-do,2023-12-29,2.0,2.0,2.0,1.0,4.6,0,,7,Learning & Skills,OPEN/STALLED,2023-12-29,2024-01-20,2024-01-20,2.2,0.0,0,0,3,False,22,559,,,True,,
250,Prepare for technical interviews,Health & wellbeing,2024-09-06,1.0,2.0,2.0,2.0,2.0,0,,1,Career,OPEN/STALLED,2024-09-06,2024-11-20,2024-11-20,3.9,0.0,1,0,2,False,75,254,,,True,,
251,LEARN A CARD OR BOARD GAME DEEPLY,Financial security,2023-08-06,,3.0,1.0,1.0,24.7,1,2023-12-21,5,Hobby,OPEN/STALLED,2023-08-06,2023-08-06,2023-08-06,0.0,0.0,0,0,0,False,0,726,,,False,,
252,Complete a data visualization course,Health & wellbeing,2025-05-15,1.0,4.0,3.0,1.0,7.8,0,,7,Learning & Skills,OPEN/STALLED,2025-05-15,2025-07-27,2025-07-27,11.3,0.0,1,0,3,False,73,5,,,False,,
253,Plan a savings goal,Career advancement,2023-08-20,3.0,2.0,4.0,1.0,9.5,0,,3,Financial,OPEN/STALLED,2023-08-20,2023-08-20,2023-08-20,0.0,0.0,0,0,0,False,0,712,,,False,,
254,Start a puzzle-solving habit,Social connection,2023-01-30,1.0,2.0,2.0,1.0,24.8,1,2023-08-11,5,Hobby,COMPLETED,2023-01-30,2023-06-11,2023-06-11,4.5,15.3,1,1,3,True,132,782,82.0,2023-04-22,False,0.2941176470588235,0.6169354838709677
255,Set up a filing system,Obligation / should-do,2023-01-07,4.0,3.0,2.0,,24.3,1,2023-02-26,6,Home & Admin,OPEN/STALLED,2023-01-07,2023-01-07,2023-01-07,0.0,0.0,0,0,0,False,0,937,,,False,,
256,Learn conversational Spanish,Career advancement,2025-01-28,3.0,5.0,3.0,2.0,6.2,0,,7,Learning & Skills,OPEN/STALLED,2025-01-28,2025-01-28,2025-01-28,0.0,0.0,0,0,0,False,0,185,,,False,,
257,Learn basic public speaking,Creative expression,2023-08-09,3.0,2.0,4.0,3.0,4.0,0,,7,Learning & Skills,OPEN/STALLED,2023-08-09,2023-09-21,2023-09-21,2.0,0.0,1,0,1,False,43,680,,,True,,
258,Renew an expiring document,Curiosity / fun,2024-01-14,1.0,1.0,4.0,1.0,1.2,0,,6,Home & Admin,ABANDONED,2024-01-14,2024-03-09,2024-03-09,11.4,0.0,0,0,3,False,55,510,,,False,,
259,Start a reading challenge,Personal growth,2023-03-28,3.0,5.0,3.0,2.0,8.8,0,,5,Hobby,OPEN/STALLED,2023-03-28,2023-04-12,2023-04-12,0.9,0.0,0,0,1,False,15,842,,,True,,
260,Start meditating daily,Social connection,2023-02-20,3.0,3.0,3.0,1.0,10.9,0,,4,Fitness & Health,ABANDONED,2023-02-20,2023-04-21,2023-04-21,0.2,0.0,0,0,1,False,60,833,,,False,,
261,Create a travel budget,Obligation / should-do,2024-05-12,2.0,3.0,3.0,1.0,13.2,0,,10,Travel,OPEN/STALLED,2024-05-12,2024-05-24,2024-05-24,2.2,0.0,0,0,1,False,12,434,,,True,,
262,RESEARCH INVESTMENT OPTIONS,Curiosity / fun,2025-02-12,,2.0,3.0,,12.5,0,,3,Financial,OPEN/STALLED,2025-02-12,2025-02-12,2025-02-12,0.0,0.0,0,0,0,False,0,170,,,False,,
263,Plan a family visit,Creative expression,2023-10-18,3.0,3.0,5.0,2.0,8.2,0,,8,Relationships,COMPLETED,2023-10-18,2024-03-03,2024-03-03,2.3,3.5,2,1,2,True,137,516,90.0,2024-01-16,False,0.6571428571428571,0.426829268292683
264,Start a freelance side gig,Career advancement,2023-02-16,1.0,1.0,3.0,1.0,6.9,1,2023-08-02,9,Side Project,OPEN/STALLED,2023-02-16,2023-02-16,2023-02-16,0.0,0.0,0,0,0,False,0,897,,,False,,
265,NETWORK WITH 5 PEOPLE IN TARGET INDUSTRY,Personal growth,2023-11-05,3.0,3.0,3.0,3.0,8.7,0,,1,Career,OPEN/STALLED,2023-11-05,2023-11-05,2023-11-05,0.0,0.0,0,0,0,False,0,635,,,False,,
266,Pay off a small debt,Obligation / should-do,2023-12-02,1.0,1.0,3.0,1.0,14.0,1,2024-04-21,3,Financial,OPEN/STALLED,2023-12-02,2023-12-31,2023-12-31,2.4,0.0,0,0,2,False,29,579,,,True,,
267,IMPROVE SLEEP SCHEDULE,Financial security,2024-01-25,4.0,4.0,3.0,3.0,9.3,0,,4,Fitness & Health,OPEN/STALLED,2024-01-25,2024-10-06,2024-10-06,4.3,37.5,1,8,3,True,255,299,36.0,2024-03-01,True,0.1146666666666666,
268,Build a personal dashboard,Curiosity / fun,2025-05-03,2.0,1.0,3.0,1.0,9.5,0,,9,Side Project,COMPLETED,2025-05-03,2025-07-16,2025-07-16,4.1,1.6,0,1,2,True,74,16,58.0,2025-06-30,False,2.5625,0.1684210526315789
269,Learn touch typing,Obligation / should-do,2025-06-01,3.0,2.0,3.0,4.0,19.2,0,,7,Learning & Skills,OPEN/STALLED,2025-06-01,2025-07-13,2025-07-13,2.5,0.0,0,0,2,False,42,19,,,False,,
270,Build a portfolio website,Obligation / should-do,2023-03-21,1.0,1.0,4.0,1.0,6.7,0,,1,Career,OPEN/STALLED,2023-03-21,2023-03-21,2023-03-21,0.0,0.0,0,0,0,False,0,864,,,False,,
271,Start a small garden,Social connection,2024-12-27,1.0,1.0,4.0,2.0,4.9,0,,5,Hobby,ABANDONED,2024-12-27,2025-03-24,2025-03-24,5.0,0.0,0,0,4,False,87,130,,,False,,
272,Learn touch typing,Personal growth,2023-01-22,1.0,1.0,3.0,,9.6,0,,7,Learning & Skills,OPEN/STALLED,2023-01-22,2023-01-22,2023-01-22,0.0,0.0,0,0,0,False,0,922,,,False,,
273,Collect and organize a hobby set,Curiosity / fun,2025-05-01,3.0,3.0,3.0,1.0,24.0,0,,5,Hobby,OPEN/STALLED,2025-05-01,2025-05-31,2025-05-31,1.0,0.0,0,0,2,False,30,62,,,False,,
274,Learn touch typing,Obligation / should-do,2025-05-14,3.0,2.0,2.0,1.0,3.7,1,2025-09-16,7,Learning & Skills,OPEN/STALLED,2025-05-14,2025-07-04,2025-07-04,1.9,60.0,0,1,2,True,51,28,42.0,2025-06-25,False,0.0316666666666666,
275,Start a small blog,Curiosity / fun,2024-02-10,3.0,4.0,1.0,1.0,30.7,0,,9,Side Project,ABANDONED,2024-02-10,2024-05-31,2024-05-31,4.4,0.0,0,0,2,False,111,427,,,False,,
276,Try a new craft technique,Health & wellbeing,2025-03-08,2.0,1.0,4.0,1.0,42.2,1,2025-07-30,2,Creative,COMPLETED,2025-03-08,2025-07-30,2025-07-30,6.700000000000001,68.2,0,3,3,True,144,2,69.0,2025-05-16,False,0.0982404692082111,1.6161137440758293
277,Build a personal dashboard,Curiosity / fun,2023-07-18,3.0,2.0,5.0,1.0,15.9,0,,9,Side Project,COMPLETED,2023-07-18,2023-08-28,2023-08-28,0.3,0.0,0,0,1,True,41,704,37.0,2023-08-24,False,,0.0
278,RENEW AN EXPIRING DOCUMENT,Financial security,2023-08-30,3.0,,5.0,1.0,4.1,1,2023-11-17,6,Home & Admin,OPEN/STALLED,2023-08-30,2023-08-30,2023-08-30,0.0,0.0,0,0,0,False,0,702,,,False,,
279,Start meditating daily,Health & wellbeing,2023-06-06,3.0,1.0,5.0,,5.9,0,,4,Fitness & Health,OPEN/STALLED,2023-06-06,2023-06-06,2023-06-06,0.0,0.0,0,0,0,False,0,787,,,False,,
280,Learn to cook healthier meals,Creative expression,2024-04-20,3.0,1.0,2.0,2.0,4.5,0,,4,Fitness & Health,OPEN/STALLED,2024-04-20,2024-04-27,2024-04-27,0.3,0.0,0,0,1,False,7,461,,,True,,
281,Start a reading challenge,Curiosity / fun,2023-11-27,2.0,3.0,4.0,2.0,20.0,0,,5,Hobby,OPEN/STALLED,2023-11-27,2023-12-22,2023-12-22,3.0,0.0,0,0,2,False,25,588,,,True,,
282,Learn to cook healthier meals,Social connection,2023-03-11,2.0,1.0,5.0,1.0,6.5,0,,4,Fitness & Health,COMPLETED,2023-03-11,2023-08-29,2023-08-29,3.3,18.1,0,6,2,True,171,703,40.0,2023-04-20,False,0.1823204419889502,2.784615384615385
283,Plan a savings goal,Health & wellbeing,2023-02-27,4.0,3.0,,5.0,4.6,0,,3,Financial,OPEN/STALLED,2023-02-27,2023-02-27,2023-02-27,0.0,0.0,0,0,0,False,0,886,,,False,,
284,Track spending for a month,Social connection,2024-04-07,4.0,2.0,3.0,4.0,12.9,1,2024-07-24,3,Financial,ABANDONED,2024-04-07,2024-05-08,2024-05-08,0.3,0.0,0,0,1,False,31,450,,,False,,
285,Finish an online Python course,Obligation / should-do,2024-09-21,3.0,3.0,2.0,1.0,3.2,0,,7,Learning & Skills,OPEN/STALLED,2024-09-21,2024-12-06,2024-12-06,6.5,0.0,0,0,4,False,76,238,,,True,,
286,Plan a road trip route,Career advancement,2024-07-21,1.0,5.0,2.0,1.0,6.4,0,,10,Travel,OPEN/STALLED,2024-07-21,2024-08-12,2024-08-12,0.3,0.0,0,0,1,False,22,354,,,True,,
287,Plan a road trip route,Creative expression,2024-10-29,3.0,3.0,4.0,1.0,7.0,1,2025-04-15,10,Travel,ABANDONED,2024-10-29,2025-02-24,2025-02-24,0.5,0.0,1,0,1,False,118,158,,,False,,
288,Build a portfolio project,Curiosity / fun,2023-03-05,3.0,2.0,5.0,3.0,15.8,0,,9,Side Project,OPEN/STALLED,2023-03-05,2023-06-02,2023-06-02,0.3,8.3,0,1,2,True,89,791,72.0,2023-05-16,True,0.036144578313253,
289,Learn basic public speaking,Creative expression,2024-10-23,3.0,4.0,3.0,1.0,11.7,1,2025-01-08,7,Learning & Skills,OPEN/STALLED,2024-10-23,2024-12-10,2024-12-10,6.3,0.0,1,0,3,False,48,234,,,True,,
290,Research flights for a trip,Curiosity / fun,2024-06-19,2.0,1.0,4.0,2.0,8.3,0,,10,Travel,OPEN/STALLED,2024-06-19,2024-06-19,2024-06-19,0.0,0.0,0,0,0,False,0,408,,,False,,
291,FIX A RECURRING HOUSEHOLD ISSUE,Curiosity / fun,2024-02-01,3.0,4.0,3.0,4.0,13.6,0,,6,Home & Admin,COMPLETED,2024-02-01,2024-07-15,2024-07-15,1.9,3.2,1,2,3,True,165,382,73.0,2024-04-14,False,0.59375,0.2352941176470588
292,Start a houseplant collection,Curiosity / fun,2025-03-19,1.0,3.0,3.0,2.0,15.0,0,,5,Hobby,ABANDONED,2025-03-19,2025-05-23,2025-05-23,2.4,0.0,0,0,1,False,65,70,,,False,,
293,Complete a data visualization course,Obligation / should-do,2023-04-07,3.0,1.0,3.0,1.0,4.8,0,,7,Learning & Skills,OPEN/STALLED,2023-04-07,2023-04-30,2023-04-30,0.0,0.0,1,0,1,False,23,824,,,False,,
294,Pay off a small debt,Personal growth,2025-01-11,3.0,4.0,3.0,1.0,12.2,0,,3,Financial,OPEN/STALLED,2025-01-11,2025-01-11,2025-01-11,0.0,0.0,0,0,0,False,0,202,,,False,,
295,Organize digital files,Curiosity / fun,2024-08-19,4.0,1.0,3.0,1.0,4.0,0,,6,Home & Admin,OPEN/STALLED,2024-08-19,2024-10-18,2024-10-18,1.8000000000000005,0.0,0,0,3,False,60,287,,,True,,
296,Compare insurance providers,Health & wellbeing,2023-05-13,3.0,2.0,3.0,1.0,5.5,0,,3,Financial,ABANDONED,2023-05-13,2023-07-27,2023-07-27,1.3,0.0,0,0,1,False,75,736,,,False,,
297,Learn the basics of investing,Curiosity / fun,2024-01-21,3.0,2.0,5.0,1.0,10.0,0,,3,Financial,ABANDONED,2024-01-21,2024-04-10,2024-04-10,2.8000000000000003,0.0,0,0,3,False,80,478,,,False,,
298,Reduce screen time before bed,Obligation / should-do,2023-04-06,4.0,1.0,1.0,1.0,25.4,0,,4,Fitness & Health,ABANDONED,2023-04-06,2023-07-07,2023-07-07,1.5,0.0,0,0,1,False,92,756,,,False,,
299,Build an automation script,Personal growth,2023-01-19,2.0,5.0,2.0,2.0,32.7,0,,9,Side Project,OPEN/STALLED,2023-01-19,2023-03-11,2023-03-11,1.1,1.1,0,1,1,True,51,874,42.0,2023-03-02,True,1.0,
300,Try a new craft technique,Financial security,2025-02-23,5.0,5.0,4.0,,13.9,0,,2,Creative,OPEN/STALLED,2025-02-23,2025-02-23,2025-02-23,0.0,0.0,0,0,0,False,0,159,,,False,,
301,Improve sleep schedule,Health & wellbeing,2023-03-21,4.0,1.0,2.0,1.0,7.0,0,,4,Fitness & Health,OPEN/STALLED,2023-03-21,2023-05-08,2023-05-08,2.2,0.0,0,0,3,False,48,816,,,True,,
302,Build a personal dashboard,Career advancement,2025-05-05,2.0,3.0,4.0,2.0,30.9,0,,9,Side Project,ABANDONED,2025-05-05,2025-08-01,2025-08-01,2.9000000000000004,0.0,0,0,2,False,88,0,,,False,,
303,Automate a recurring bill payment,Personal growth,2023-05-15,1.0,2.0,2.0,1.0,7.6,0,,6,Home & Admin,OPEN/STALLED,2023-05-15,2023-06-25,2023-06-25,4.7,0.0,0,0,3,False,41,768,,,True,,
304,Improve sleep schedule,Personal growth,2025-05-01,3.0,4.0,4.0,1.0,43.3,0,,4,Fitness & Health,OPEN/STALLED,2025-05-01,2025-06-18,2025-06-18,10.0,0.0,0,0,3,False,48,44,,,False,,
305,Plan a solo trip,Financial security,2024-02-25,4.0,3.0,3.0,1.0,5.8,0,,10,Travel,ABANDONED,2024-02-25,2024-07-04,2024-07-04,1.1,0.0,0,0,1,False,130,393,,,False,,
306,Plan a road trip route,Creative expression,2023-10-19,4.0,4.0,5.0,1.0,3.0,0,,10,Travel,COMPLETED,2023-10-19,2024-04-16,2024-04-16,2.2,12.6,0,5,2,True,180,472,56.0,2023-12-14,False,0.1746031746031746,4.2
307,Learn a new design software,Creative expression,2023-09-02,3.0,1.0,3.0,1.0,5.4,0,,2,Creative,OPEN/STALLED,2023-09-02,2023-10-07,2023-10-07,2.4000000000000004,0.0,1,0,2,False,35,664,,,True,,
308,Try a new craft technique,Creative expression,2024-11-25,1.0,3.0,2.0,1.0,0.6,0,,2,Creative,COMPLETED,2024-11-25,2025-06-15,2025-06-15,1.7,3.0,2,2,2,True,202,47,70.0,2025-02-03,False,0.5666666666666667,5.0
309,Plan a weekend getaway,Obligation / should-do,2025-03-07,3.0,4.0,5.0,1.0,4.7,0,,10,Travel,OPEN/STALLED,2025-03-07,2025-07-19,2025-07-19,0.5,6.1,1,2,1,True,134,13,79.0,2025-05-25,False,0.0819672131147541,
310,Cut down on sugar,Social connection,2025-03-31,3.0,1.0,3.0,2.0,24.6,0,,4,Fitness & Health,OPEN/STALLED,2025-03-31,2025-03-31,2025-03-31,0.0,0.0,0,0,0,False,0,123,,,False,,
311,Build a portfolio website,Health & wellbeing,2025-06-14,3.0,2.0,2.0,1.0,6.7,0,,1,Career,ABANDONED,2025-06-14,2025-07-26,2025-07-26,1.2000000000000002,0.0,0,0,2,False,42,6,,,False,,
312,Start a small blog,Social connection,2023-10-19,3.0,3.0,2.0,4.0,6.4,1,2023-12-13,9,Side Project,COMPLETED,2023-10-19,2024-05-11,2024-05-11,61.1,11.9,2,5,3,True,205,447,61.0,2023-12-19,False,5.134453781512605,1.859375
313,Research flights for a trip,Health & wellbeing,2023-05-31,3.0,1.0,1.0,2.0,15.8,0,,10,Travel,ABANDONED,2023-05-31,2023-09-14,2023-09-14,2.4,0.0,1,0,3,False,106,687,,,False,,
314,Start sketching daily,Career advancement,2025-06-24,2.0,2.0,4.0,1.0,5.1,0,,2,Creative,OPEN/STALLED,2025-06-24,2025-06-24,2025-06-24,0.0,0.0,0,0,0,False,0,38,,,False,,
315,Call an old friend,Financial security,2024-02-10,4.0,1.0,3.0,1.0,12.4,0,,8,Relationships,OPEN/STALLED,2024-02-10,2024-02-10,2024-02-10,0.0,0.0,0,0,0,False,0,538,,,False,,
316,Plan a family visit,Health & wellbeing,2024-01-19,3.0,1.0,4.0,1.0,3.9,1,2024-04-23,8,Relationships,ABANDONED,2024-01-19,2024-06-11,2024-06-11,1.1,1.9,0,2,2,True,144,416,84.0,2024-04-12,False,0.5789473684210527,
317,Renew an expiring document,Personal growth,2023-05-21,3.0,3.0,2.0,1.0,,1,2023-10-02,6,Home & Admin,OPEN/STALLED,2023-05-21,2023-05-21,2023-05-21,0.0,0.0,0,0,0,False,0,803,,,False,,
318,Plan a trip itinerary,Career advancement,2024-09-22,3.0,2.0,2.0,1.0,8.8,1,2024-10-26,10,Travel,ABANDONED,2024-09-22,2024-11-29,2024-11-29,3.3,0.0,0,0,1,False,68,245,,,False,,
319,RESEARCH INVESTMENT OPTIONS,Obligation / should-do,2025-05-05,2.0,1.0,3.0,3.0,1.0,1,2025-11-21,3,Financial,OPEN/STALLED,2025-05-05,2025-05-15,2025-05-15,1.0,0.0,0,0,2,False,10,78,,,False,,
320,Learn to use Power BI,Career advancement,2023-09-01,2.0,3.0,5.0,2.0,4.2,0,,7,Learning & Skills,OPEN/STALLED,2023-09-01,2023-09-08,2023-09-08,1.1,0.0,0,0,1,False,7,693,,,True,,
